dde0,dra0,n,odds,re,iter_num
0.01,0.01,0.1,0.5,5.0,5000
0.01,0.01,0.1,0.5,5.0,5000
0.0034252505032984436,0.00678504095349768,0.06501803546965582,0.6286534089465369,4.858124089815749,5000
0.0032359455056883662,0.006262556214571283,0.06494071535791507,0.5770263790438542,4.553124932174408,5000
0.0033524632491630088,0.007108988954467394,0.06850772348337224,0.6277230708153576,4.80431825282371,200000
