dde0,dra0,odds,re,iter_num
0.01,0.01,0.5,5.0,5000
0.01,0.01,0.5,5.0,5000
0.003167265814606851,0.006883301930752077,0.5626584173496995,3.1770076461416945,5000
0.0030795649057715827,0.006883706255172995,0.5450035445914143,2.9947978961714057,5000
0.003198347198327739,0.007107731827927198,0.5086392502268584,3.003558367178715,200000
