odds,re,iter_num
0.5,5.0,5000
0.5,5.0,5000
0.39830310783627215,6.137237127250984,10000
0.4197320280078615,6.039227516422523,100000
0.4197320280078615,6.039227516422523,100000
