dde0,dra0,odds,re,iter_num
0.01,0.01,0.5,5.0,5000
0.01,0.01,0.5,5.0,5000
0.003449156880403447,0.007200388260633353,0.5380126933341736,6.101274838529979,5000
0.0030936777375107738,0.006654436716205119,0.5097082527588178,5.673372340729771,5000
0.003159160255896682,0.007153252330654071,0.4764146151266676,5.199561019862419,200000
0.003159160255896682,0.007153252330654071,0.4764146151266676,5.199561019862419,200000
0.003159160255896682,0.007153252330654071,0.4764146151266676,5.199561019862419,200000
