re,s,iter_num
5.0,0.1,5000
5.0,0.1,5000
5.925652600923504,0.010440080718978376,10000
6.042863499369868,0.01049708870214085,20000
6.109105838561966,0.01050034713770116,200000
