dde0,dra0,odds,re,iter_num
0.01,0.01,0.5,5.0,5000
0.01,0.01,0.5,5.0,5000
0.0034659809990300384,0.0072507374954970776,0.37503651054428816,5.293312494180755,5000
0.0035688374160132434,0.007768963650682025,0.41922289818977315,6.413361254385206,5000
0.003482667348196873,0.007990507332812619,0.42495659338032354,6.163377615322195,200000
