a,b,v_mem,iter_num
0.2,0.2,0.2,5000
0.5125785816919343,1.6401371444555224,0.08608128491643119,5000
0.08767964416116418,0.3157387894829384,0.08867947829482194,5000
0.09538148200825726,0.3282638221934115,0.07506484217667952,20000
