a,b,sigma_fg_normed,v_mem,iter_num
0.2,0.2,0.01,0.2,5000
0.7627344987322715,1.652222325607526,0.11423951744125041,0.45253062847819686,5000
0.79523957067816,1.5338078829295814,0.12972272601679138,0.4971567345947732,5000
0.7507091436951465,1.5058855963083466,0.13269606526765995,0.453480629252286,20000
