a,b,s,v_mem,iter_num
0.2,0.2,0.01,0.2,5000
0.7358602007241724,1.2487136294678638,0.013561803264888081,0.45700933108918845,5000
0.6972372781064409,1.1270539844223362,0.013524661910343823,0.45399044017637863,5000
0.7096356106058017,1.1746672553604538,0.013486561402842382,0.44040300515231007,20000
