a,b,sigma_fg_normed,v_mem,iter_num
0.2,0.2,0.01,0.2,5000
0.6596679045536712,1.1418347514767195,0.09558730303065657,0.4559004752672707,5000
0.6796680162791622,1.4141767749733656,0.11160913318873472,0.4372322089441961,5000
0.6805309945913544,1.2887939084824613,0.11229109663002143,0.47405046350819213,20000
