a,b,v_mem,iter_num
0.2,0.2,0.2,5000
0.44507743434467234,1.476826000359118,0.08267740160875248,5000
0.08640994242532254,0.29375980405686974,0.07578819182437019,5000
0.09752607041551502,0.33650881113307485,0.07731396613693492,20000
