a,b,s,v_mem,iter_num
0.2,0.2,0.01,0.2,5000
1.6411005499636329,2.305354375288246,0.02841436059236229,1.1106006552648189,5000
1.7686675063002308,2.3060424690019157,0.01565054615706267,1.3141370136966137,5000
1.6634924963334163,2.1648461591918626,0.016182113109627336,1.2111601236438734,20000
