a,b,s,v_mem,iter_num
0.2,0.2,0.01,0.2,5000
0.6279931671210711,1.9466152120401843,0.048886822380682725,0.5903924569982019,5000
1.033935093806128,2.6781991008838397,0.006441385234883252,0.5671901175432753,5000
0.9876035179558895,2.8065766619459427,0.006182741091273454,0.6161472707065875,20000
