a,b,s,v_mem,iter_num
0.2,0.2,0.01,0.2,5000
1.1760876080775413,3.233019612133887,0.047959683788692295,0.6908280985784007,5000
0.9604357530161486,2.846259944539035,0.006417425486759116,0.5526817585106364,5000
1.0759411179375837,2.7983893214502067,0.006743209352493047,0.6506370700799942,20000
