a,b,sigma_fg_normed,v_mem,iter_num
0.2,0.2,0.01,0.2,5000
0.9253526152712822,1.892496878285862,0.1216044119528967,0.5339838792795757,5000
0.8223559204791554,1.861344293935524,0.11981121349394626,0.6174534431459229,5000
0.8089613997252482,1.7743197743147932,0.1167054176329044,0.5569665414205391,20000
