a,b,sigma_fg_normed,v_mem,iter_num
0.2,0.2,0.01,0.2,5000
1.9693997199379718,2.9033546949201843,0.11709123100731435,0.8517021134154473,5000
1.4344516298486698,2.546032956080698,0.18504034166061847,0.7950151795922422,5000
1.6253549810496113,2.8254063147442854,0.19058550165832439,0.7928585208292459,20000
