a,b,sigma_fg_normed,v_mem,iter_num
0.2,0.2,0.01,0.2,5000
0.6889836606523329,1.5848509989230986,0.08752728321468697,0.43056188290892355,5000
0.7401647546681207,1.753292341667502,0.11914909976473484,0.43807200994312856,5000
0.6589158532254461,1.4339973159880648,0.10132485177008015,0.42864155086559896,20000
