a,b,sigma_fg_normed,v_mem,iter_num
0.2,0.2,0.01,0.2,5000
0.8274516218022977,1.8528451459745068,0.11484103939962859,0.5044033266793166,5000
0.8094453154248149,1.589840772901318,0.10496389466019682,0.48456710648984497,5000
0.7741308442375221,1.6783971925941406,0.11160232222942168,0.44641175282368595,20000
