a,b,sigma_fg_normed,v_mem,iter_num
0.2,0.2,0.01,0.2,5000
0.3560142272357093,0.7247622461877378,0.0528068925663768,0.23983439588612548,5000
0.3547787186097302,0.7498592328359364,0.053311311492828556,0.20437742024577973,5000
0.35327359907320166,0.7602772262242085,0.0539536538265527,0.22413660185622802,20000
