a,b,s,v_mem,iter_num
0.2,0.2,0.01,0.2,5000
0.7018911079712646,1.2002906499563932,0.013638803573732476,0.47140493563851965,5000
0.796733316741301,1.3335142984286803,0.013191266669883284,0.43315204188185974,5000
0.7735015917345561,1.2532664436504741,0.014003934252586869,0.4429194802013753,20000
