a,b,s,v_mem,iter_num
0.2,0.2,0.01,0.2,5000
1.4391778367836863,1.9663132781663262,0.028458680357755478,0.9970706948671707,5000
1.4676849360717115,2.084367548201285,0.015571381923352109,1.0614838479342608,5000
1.3221155585761462,1.9886913832656827,0.016022314511135848,1.083649420934878,20000
