a,b,sigma_fg_normed,v_mem,iter_num
0.2,0.2,0.01,0.2,5000
1.8000944933518856,2.8774899521296504,0.14999927055382622,0.9343533651649956,5000
1.3813440592933033,2.9521818663627917,0.17531558538253889,0.9461084816638266,5000
1.5893579909936202,3.132638837442185,0.17625028023473976,0.9689294014444908,20000
