a,b,sigma_fg_normed,v_mem,iter_num
0.2,0.2,0.01,0.2,5000
0.7586464421060622,1.325705165126812,0.11642071051639086,0.4352238213000441,5000
0.726190270675478,1.3609220129890183,0.12121011879877226,0.45378691192424664,5000
0.6302530637651476,1.2687643929223718,0.12184816036600835,0.4615188117015256,20000
