a,b,sigma_fg_normed,v_mem,iter_num
0.2,0.2,0.01,0.2,5000
1.2790118036466678,2.750062943408809,0.17173086565504592,0.7869765638671847,5000
1.2841217136109775,2.3868782802029136,0.18611153989688684,0.861273243765173,5000
1.3692319833479725,2.6870895527631635,0.2010072881237233,0.8619043146141157,20000
