a,b,sigma_fg_normed,v_mem,iter_num
0.2,0.2,0.01,0.2,5000
0.7614924103477815,1.0020372817066623,0.09137764260112681,0.46207165334055333,5000
0.7690290312819563,1.356514541785628,0.11426623037705318,0.46693707184651667,5000
0.7332365506157847,1.3810166759140619,0.12359961906068254,0.44069508140900543,20000
