a,b,sigma_fg_normed,v_mem,iter_num
0.2,0.2,0.01,0.2,5000
0.6752395118064627,1.2074748600906888,0.07968999999597293,0.473431300755731,5000
0.7455082738497928,1.5101941704690685,0.12207531945195402,0.4952098386170689,5000
0.7257842172387148,1.476444923373387,0.12570743041134352,0.45262584760322316,20000
