a,b,sigma_fg_normed,v_mem,iter_num
0.2,0.2,0.01,0.2,5000
0.7759231640930936,1.7349585381987014,0.12255223841959832,0.5809845454539754,5000
0.8979915320641214,1.9471438580346054,0.11997358698822677,0.5404127642391797,5000
0.801877114177568,1.6652897635806485,0.124745581456231,0.5649165124350713,20000
