a,b,sigma_fg_normed,v_mem,iter_num
0.2,0.2,0.01,0.2,5000
0.7503148983666745,1.5998665925354139,0.11432355344133059,0.5710294558991514,5000
0.8976006098483454,2.162900283896797,0.14181545680632948,0.567364804604493,5000
0.8214295022703273,1.9571967523987932,0.13961590408560878,0.5912954346164135,20000
