a,b,s,v_mem,iter_num
0.2,0.2,0.01,0.2,5000
1.1920308481418695,3.8274486226854028,0.04856208314941166,0.8576359565406222,5000
0.8603864670310482,2.322778937739563,0.007271438962966037,0.6303211468595624,5000
1.0800670232503766,2.9791280525123875,0.006612190815922364,0.6538714941137687,20000
