a,b,sigma_fg_normed,v_mem,iter_num
0.2,0.2,0.01,0.2,5000
0.3862872872948282,0.7874716935587347,0.06472924491056946,0.2437571658825427,5000
0.3749449879857967,0.6812543085717334,0.0562693422728891,0.23881181808176155,5000
0.35672062652716824,0.6561413228408891,0.059781671549502785,0.23410956261830393,20000
