a,b,v_mem,iter_num
0.2,0.2,0.2,5000
0.44195473592047846,1.4477483339940636,0.07770129357754262,5000
0.08031582788648008,0.2673508441189614,0.06916032942650414,5000
0.08898922820878352,0.2968637834800266,0.07750872845688093,20000
