a,b,s,v_mem,iter_num
0.2,0.2,0.01,0.2,5000
0.8727894443782606,1.3390571628148187,0.014135420979047377,0.4528969327197979,5000
0.8010808024448286,1.231864476317206,0.013890033816874753,0.456124543708052,5000
0.7920481778876852,1.334412655714653,0.013092318063459117,0.4301664704587871,20000
