a,b,sigma_fg_normed,v_mem,iter_num
0.2,0.2,0.01,0.2,5000
1.2773972536616758,2.302583446794839,0.17282596950602327,0.869557829375707,5000
1.3729986421704052,2.3081249037830127,0.1700199815790482,0.8438724813298951,5000
1.4235056049167267,2.6192229029173197,0.20333007654422972,0.8614809100027012,20000
