a,b,sigma_fg_normed,v_mem,iter_num
0.2,0.2,0.01,0.2,5000
0.3339895524040325,0.7620606258385738,0.06624297371359698,0.222257707036433,5000
0.3075406250494868,0.6568743540144808,0.05238041558694487,0.22678534303456638,5000
0.3268930032225851,0.6687960238657399,0.053810645494056085,0.2282556068215263,20000
