a,b,s,v_mem,iter_num
0.2,0.2,0.01,0.2,5000
1.3229805179214187,1.9215548087710665,0.031507763803796406,0.9412240918020436,5000
1.4555503111279422,2.0174289941368353,0.015949609829106554,1.154729095929115,5000
1.4453321893505315,1.9351249068140632,0.015899928718642663,1.0971035270020724,20000
