a,b,sigma_fg_normed,v_mem,iter_num
0.2,0.2,0.01,0.2,5000
0.73641648158914,1.5251911414661936,0.20393642328748016,0.5147127199108764,5000
0.7213476598268574,1.2313321277416283,0.13004694282382734,0.4339897461186792,5000
0.7210667820410894,1.2798323663578617,0.13121951363711562,0.4517828573868102,20000
