a,b,s,v_mem,iter_num
0.2,0.2,0.01,0.2,5000
0.3304780797184534,0.5593944748301688,0.0069890639332479175,0.23158884706142152,5000
0.3598339695843394,0.6123029640977958,0.0072269298784199704,0.24121163177516547,5000
0.3225306272913179,0.5801113387106812,0.007140973293104028,0.2271426133251369,20000
