a,b,s,v_mem,iter_num
0.2,0.2,0.01,0.2,5000
1.4353357130548638,2.2182233551293735,0.031149605131890346,1.0447210185785212,5000
1.483589238905996,2.093650589223041,0.015844158856668254,1.0904203605149871,5000
1.745319159829539,2.3407841596472627,0.013888724825423127,1.1452866345778197,20000
