a,b,sigma_fg_normed,v_mem,iter_num
0.2,0.2,0.01,0.2,5000
0.598679066673465,0.9205669274246541,0.06242103030882311,0.4352651491318122,5000
0.5942226493731326,1.3229268425007197,0.10325045993746867,0.46271207003078196,5000
0.6032405203703951,1.273470654221378,0.09425041218802441,0.4125402101845979,20000
