a,b,sigma_fg_normed,v_mem,iter_num
0.2,0.2,0.01,0.2,5000
0.6525069163885759,2.095978069513226,0.13611432633776352,0.5558857090181684,5000
0.9245877898288575,2.1442360339350826,0.12715377245756015,0.5940997764592791,5000
0.9676499735583574,2.371831725586371,0.13946843865236394,0.6141912400585093,20000
