a,b,sigma_fg_normed,v_mem,iter_num
0.2,0.2,0.01,0.2,5000
1.040612498667257,1.698167990704894,0.10234988832169167,0.8747619194273699,5000
1.4481313862721419,2.9743900800970744,0.17769602456845798,0.9113201124780199,5000
1.3800906074572168,2.688032491496265,0.1784821938143709,0.9155725197104156,20000
