a,b,sigma_fg_normed,v_mem,iter_num
1.0,1.0,0.01,1.0,1000
0.8112931012711957,1.416059167154726,0.05832921649309226,0.6073632538150951,1000
0.9405671480901565,1.957603124453881,0.126014747079116,0.6501165407350509,1000
0.9396032526272953,2.031676992651416,0.13681776308905005,0.628780919535381,1000
0.901157115635843,1.9798627412929268,0.13683525688995662,0.6316972916443567,1000
0.8961978979145063,2.0024108778505054,0.14484709848972527,0.6228500798706527,20000
