a,b,s,v_mem,iter_num
0.2,0.2,0.01,0.2,5000
1.6445908255275308,4.930508867173086,0.04738747885487064,0.6601462732211257,5000
0.7934922321522209,2.45569153092594,0.005427469780080295,0.7679299772635795,5000
0.8052013662446081,2.6268389777945305,0.0051013626516279815,0.6656309753650479,20000
