a,b,s,v_mem,iter_num
0.2,0.2,0.01,0.2,5000
1.248149118342887,1.8023826624427703,0.029112349240703547,0.9416219003086536,5000
1.6583650961878875,2.175418029499112,0.014911516934057262,1.1430634914757019,5000
1.6515150324076149,2.098544572470523,0.015168850113919937,1.2263021698593723,20000
