a,b,sigma_fg_normed,v_mem,iter_num
0.2,0.2,0.01,0.2,5000
0.32209371168783735,0.677861042458678,0.05873276380753033,0.21745248809664797,5000
0.3080419865045056,0.6531785635899168,0.05417962849382977,0.23125442258080017,5000
0.3388809581345785,0.6710863196300715,0.04854566535092289,0.21930164255778242,20000
