a,b,sigma_fg_normed,v_mem,iter_num
0.2,0.2,0.01,0.2,5000
1.6324595012131742,3.788937820530565,0.3126042727534242,0.9517552972602759,5000
1.6927195029782374,3.4960230176422558,0.2662061952396359,1.113844563240809,5000
1.6187614069218248,3.3936934133661922,0.2500710140838161,1.078481845705516,20000
