a,b,sigma_fg_normed,v_mem,iter_num
0.2,0.2,0.01,0.2,5000
0.6085559198689541,1.2067950873553814,0.09243099939221855,0.4602760010930861,5000
0.6720823348319928,1.3363923603704897,0.10734725611206061,0.47012079144719915,5000
0.7019585689119825,1.3599282008830789,0.10381285292276043,0.4181353800105242,20000
