a,b,v_mem,iter_num
0.2,0.2,0.2,5000
0.10588198809476222,0.16524016083722787,0.0759993790135011,5000
0.10779806205433275,0.16056868153923493,0.07658344402270977,5000
0.11316153136804505,0.17236569348706685,0.078680583205645,20000
