a,b,s,v_mem,iter_num
0.2,0.2,0.01,0.2,5000
1.8645942377688705,2.6439781504402093,0.03114749887331008,1.1357872795346269,5000
2.018464485201743,2.6247520806696167,0.015660893194038197,1.0955754468014496,5000
1.768802805941404,2.320673856146746,0.015297290548889739,1.1078480114581717,20000
