a,b,sigma_fg_normed,v_mem,iter_num
0.2,0.2,0.01,0.2,5000
0.7884856167971582,1.1405847407590517,0.10582203550975094,0.47463246380257096,5000
0.6658223195700265,1.220931417786565,0.10516770090754557,0.42554989786832,5000
0.6965124501464827,1.1768052043981023,0.10558281487660459,0.40654890705163205,20000
