a,b,sigma_fg_normed,v_mem,iter_num
0.2,0.2,0.01,0.2,5000
0.7763882134721356,1.6512482094478325,0.10855265452961953,0.4517596599813341,5000
0.7746714051491645,1.5090006768567075,0.11932828078862162,0.48095096741140775,5000
0.7983229530077981,1.4929506507970058,0.11230069600132103,0.5418813201205379,20000
