a,b,s,v_mem,iter_num
0.2,0.2,0.01,0.2,5000
1.698328971854931,2.4010979584713508,0.027178283077638137,0.9830351562910584,5000
1.7679468896404704,2.464210086353907,0.01557951074472206,1.1665079783558028,5000
1.5887567044177384,2.115419052685304,0.01572005496491033,1.2161713476661933,20000
