a,b,s,v_mem,iter_num
0.2,0.2,0.01,0.2,5000
0.8106414017506739,1.3756309168619285,0.014040012857643428,0.4492184420988536,5000
0.7259295033896949,1.2215327535339415,0.01438697230463738,0.498708831912377,5000
0.7076646404133505,1.22957063582194,0.013790905215391206,0.47828238394173583,20000
