a,b,s,v_mem,iter_num
0.2,0.2,0.01,0.2,5000
0.689138138096845,1.1334281216757849,0.01333657221234143,0.4408871798420652,5000
0.7646759602045795,1.2584733503699612,0.014715912491095075,0.4309061117349491,5000
0.7197164280651203,1.237523492087745,0.014079956317565664,0.4487224044528433,20000
