a,b,sigma_fg_normed,v_mem,iter_num
0.2,0.2,0.01,0.2,5000
0.788308458593486,1.4225351655392,0.1222250888083786,0.47357844138366506,5000
0.7570375658646253,1.4113836388106862,0.12569862018329508,0.44291323127309856,5000
0.7604955212567973,1.3820102594540917,0.1264961453829869,0.46127763865517124,20000
