a,b,sigma_fg_normed,v_mem,iter_num
0.2,0.2,0.01,0.2,5000
0.43196754411706956,0.8503949596072605,0.0625893551114934,0.27783229990831587,5000
0.4336690782720126,0.8923899850974528,0.060961338127773004,0.2952870756394648,5000
0.41498488283444335,0.8934360221401727,0.06655142301666106,0.27781138844493347,20000
