a,b,s,v_mem,iter_num
0.2,0.2,0.01,0.2,5000
0.8809952884645477,1.4743644337506787,0.013963374177183727,0.4509553549470951,5000
0.7408954493287014,1.2632934122324695,0.014841846850827931,0.4688014121364046,5000
0.7646090432007417,1.3045738117727472,0.01492875941605778,0.513070896630591,20000
