a,b,sigma_fg_normed,v_mem,iter_num
0.2,0.2,0.01,0.2,5000
0.8151375071704845,2.01357008772188,0.18271490919162642,0.5446798976057982,5000
0.8600496049091727,2.1190797696244523,0.15016202650594687,0.5283684920097886,5000
0.8860369850708743,2.032503695079584,0.13992530789308835,0.5477286036796573,20000
