a,b,s,v_mem,iter_num
0.2,0.2,0.01,0.2,5000
0.8972485083834665,1.3337134476845616,0.013956828892847564,0.49079101441971473,5000
0.772955307570213,1.1522136784851758,0.015347772437275713,0.5096743499840285,5000
0.7961149609106684,1.1724716011549439,0.014213518603561482,0.4882233845117499,20000
