a,b,sigma_fg_normed,v_mem,iter_num
0.2,0.2,0.01,0.2,5000
1.2253871359261883,2.098635299580415,0.14674681674626863,0.8584768557254253,5000
1.233851362958551,2.664798995093774,0.18429195654854333,0.8350987105146181,5000
1.272846756982942,2.699985844122253,0.1676326483406609,0.8188783195035302,20000
