a,b,sigma_fg_normed,v_mem,iter_num
0.2,0.2,0.01,0.2,5000
0.606417806358724,1.0546793658030647,0.07502708623837498,0.4187682893201156,5000
0.6113514342057904,1.4220258406140636,0.0951812957310108,0.42229365351810627,5000
0.6181239667310244,1.3075176949914522,0.09021774925669565,0.4419291428531197,20000
