a,b,sigma_fg_normed,v_mem,iter_num
0.2,0.2,0.01,0.2,5000
0.7905631888641111,1.4753259776783285,0.09967482518142061,0.5199252028976676,5000
0.7437376337727135,1.7396973295027223,0.11135559387287317,0.5474155677574857,5000
0.7480317690368359,1.5921070184316342,0.12041261348798422,0.5428923837927813,20000
