a,b,sigma_fg_normed,v_mem,iter_num
0.2,0.2,0.01,0.2,5000
1.607701033252641,2.649134685473011,0.1554169969432419,0.7986914257102047,5000
1.4294742066077837,2.753241573797259,0.1705991822867418,0.8069986518577249,5000
1.4555580019813852,2.7438096817184428,0.17312364527552745,0.7866726373873487,20000
