a,b,sigma_fg_normed,v_mem,iter_num
0.2,0.2,0.01,0.2,5000
0.7427462715937766,1.34321351497192,0.10744271164909756,0.4364417468496676,5000
0.7255837112563409,1.3954404926135417,0.11654659261025564,0.4163128604370414,5000
0.7770007430597736,1.5292366904285506,0.11354711003852062,0.4515624687183673,20000
