a,b,sigma_fg_normed,v_mem,iter_num
0.2,0.2,0.01,0.2,5000
0.7221086708541592,1.5685834875818496,0.11109107914021583,0.5507531554704669,5000
0.8498836908416572,1.9652556898726357,0.13833254554596755,0.585452545513712,5000
0.8612376043825875,2.043816225119413,0.13837663928795535,0.609050917537971,20000
