a,b,sigma_fg_normed,v_mem,iter_num
0.2,0.2,0.01,0.2,5000
0.7863256917293121,1.2557676467500571,0.07305594128330023,0.45393837586663915,5000
0.7510640254930216,1.38885603544782,0.1102087044819686,0.43637104905218416,5000
0.7789847583632341,1.4157719193542937,0.1075652429828383,0.4680877901443152,20000
