a,b,s,v_mem,iter_num
0.2,0.2,0.01,0.2,5000
1.2565488249594998,4.4805997546708145,0.049415467380153615,0.6161025937171137,5000
0.938400398156987,2.9849646056724937,0.005616905482508471,0.6831619100942351,5000
0.7881204880514132,2.6665252506142783,0.005455647714597507,0.696459839288098,20000
