a,b,s,v_mem,iter_num
0.2,0.2,0.01,0.2,5000
0.3723613135435335,0.584976896580175,0.007119720722271214,0.21034183830777264,5000
0.37632104569437874,0.5899724515490595,0.006971801899563993,0.22808809990121695,5000
0.37125797342943945,0.5935488271348504,0.007072024064612103,0.22490550520528096,20000
