a,b,v_mem,iter_num
0.2,0.2,0.2,5000
0.10208486891916191,0.16033996568850906,0.08231718729059619,5000
0.11257992389791913,0.17058138406152165,0.08031846906602522,5000
0.11813344331978518,0.1773583619620049,0.07717755120914485,20000
