a,b,sigma_fg_normed,v_mem,iter_num
0.2,0.2,0.01,0.2,5000
0.657893876606796,1.276576525997543,0.12766645512097866,0.451983623318243,5000
0.6896727847531924,1.0797638709680057,0.09602082869754656,0.43948380896725564,5000
0.7536406835258049,1.1472177465453692,0.09242050495698229,0.4168463228717818,20000
