a,b,sigma_fg_normed,v_mem,iter_num
0.2,0.2,0.01,0.2,5000
0.3339716675124626,0.7126518277879965,0.06889939747381583,0.23851250221652895,5000
0.34389375111628817,0.659054624256543,0.05358188134458183,0.21262325105821667,5000
0.3784997969873376,0.708341364963798,0.0552814018649878,0.23088840509298977,20000
