a,b,sigma_fg_normed,v_mem,iter_num
0.2,0.2,0.01,0.2,5000
0.4262577131050073,0.9932175507555228,0.08803912799470168,0.3045062779498781,5000
0.4005503168648063,0.9755821003401006,0.06919060978190615,0.29998831586208874,5000
0.42315684024356126,1.111885598034427,0.0739600941209089,0.2849856313917638,20000
