a,b,s,v_mem,iter_num
0.2,0.2,0.01,0.2,5000
1.2700633429716148,2.194991234347145,0.03213580864192397,0.9988630592499179,5000
1.648713690100834,2.1892665423674953,0.014760605908260394,1.2249790368532907,5000
1.5722571785526058,2.0592003120275026,0.01513607413132633,1.3046123630461108,20000
