a,b,sigma_fg_normed,v_mem,iter_num
0.2,0.2,0.01,0.2,5000
0.9182554469726105,2.7810931536796883,0.2194879370527843,0.5759678432892662,5000
0.7759184122471428,1.9806327790994291,0.1379476314234791,0.586461372984163,5000
0.7933497472045886,1.9601446074363675,0.15087877907486097,0.5862185099600781,20000
