a,b,sigma_fg_normed,v_mem,iter_num
1.0,1.0,0.01,1.0,1000
0.5249554431960854,1.2384010865208892,0.03167189035973414,0.3543546114281273,1000
0.5637792896062024,1.5280730426000857,0.1342471947446257,0.37713474136026565,1000
0.5417570626721517,1.53070465460953,0.1336598762968943,0.3689808310332701,1000
0.5215656029405195,1.4472159620933591,0.1259496916579703,0.37966897636646385,1000
0.5174659524898582,1.3891937244660348,0.11940017773915057,0.37721014864160524,20000
