a,b,sigma_fg_normed,v_mem,iter_num
0.2,0.2,0.01,0.2,5000
0.7634622990307313,1.571953718428664,0.0766868299691653,0.5523228624433009,5000
0.8732042834939585,2.0963553573028864,0.11962294998651922,0.606848110662751,5000
0.8538134362250365,1.9707170466682744,0.11873761950579012,0.5642317944319284,20000
