a,b,sigma_fg_normed,v_mem,iter_num
0.2,0.2,0.01,0.2,5000
0.6945473520344115,1.5076919788516274,0.10575428859834446,0.5583557703775183,5000
0.8398632305698156,1.831785238607484,0.1308042251855292,0.5576956163329224,5000
0.8395259397007483,1.908867197297579,0.12445813904364351,0.5824411211481433,20000
