a,b,s,v_mem,iter_num
0.2,0.2,0.01,0.2,5000
0.6191988531689727,0.9538252841000284,0.01405541435740963,0.45397955266418183,5000
0.7062666418675886,1.12922474118055,0.01394929763988919,0.47013705344949624,5000
0.7753673842914739,1.2124331710802636,0.014279281760320185,0.44970486118859465,20000
