a,b,sigma_fg_normed,v_mem,iter_num
0.2,0.2,0.01,0.2,5000
1.1567931295856033,1.8122345041192636,0.09170846172617239,0.9198862628163001,5000
1.496012807113897,3.20967364136689,0.20836125104846182,0.8919995208566577,5000
1.5025169788453039,2.826347595338635,0.16395636980257297,0.8923933468109401,20000
