a,b,sigma_fg_normed,v_mem,iter_num
0.2,0.2,0.01,0.2,5000
0.33596882168833536,0.7549570133467457,0.05783591894596393,0.23209958427562127,5000
0.3516883199866298,0.7804083695939882,0.05316686801524439,0.22758132986435797,5000
0.38241304535700504,0.7885677843971839,0.05586159791422279,0.22894178510475569,20000
