a,b,s,v_mem,iter_num
0.2,0.2,0.01,0.2,5000
0.6663927514851202,1.0837895004714313,0.013638824770386743,0.44524341728636274,5000
0.6945117913448082,1.1538063766877529,0.013640945836363128,0.43166051524571014,5000
0.7211202804497239,1.1985408263632542,0.0132683117591741,0.4387360995336523,20000
