a,b,sigma_fg_normed,v_mem,iter_num
0.2,0.2,0.01,0.2,5000
1.2233346524000865,2.0989065664162965,0.09393458080390489,0.9042419705522858,5000
1.4970635140604156,2.9721562487944837,0.20762370266218075,0.8809126619242326,5000
1.4058347721971876,2.906250441289792,0.18559176756999626,0.8583257276939646,20000
