a,b,sigma_fg_normed,v_mem,iter_num
0.2,0.2,0.01,0.2,5000
0.7836605327474359,1.8405267532437053,0.0999353261054485,0.6369715046850489,5000
0.8682344015040209,2.219171373271621,0.1450430614428435,0.5765972713393401,5000
0.8595447923162898,2.1619778254185125,0.14100527424286066,0.5885596407397571,20000
