a,b,sigma_fg_normed,v_mem,iter_num
0.2,0.2,0.01,0.2,5000
1.5782736907968495,1.8739976456020684,0.13030612464939648,0.9986853528602702,5000
1.7516874516320675,2.5834594482353737,0.23332386379242884,0.9878072208893964,5000
1.7750663278818293,2.671523490367529,0.2163247321721483,0.944569623601808,20000
