a,b,s,v_mem,iter_num
0.2,0.2,0.01,0.2,5000
1.3792732401779142,2.4152344942210124,0.03377729262916705,0.878469834755674,5000
1.5606407526969754,1.9540333324809374,0.015702276986548473,1.1932092922250033,5000
1.5716874753536576,2.0364898023508897,0.015422337713563189,1.2418809445132284,20000
