a,b,sigma_fg_normed,v_mem,iter_num
0.2,0.2,0.01,0.2,5000
0.7291443903816316,1.8078075939681675,0.12653941308652866,0.5556330076631707,5000
0.8042322014996388,1.9761404887388043,0.13928208293965091,0.5683104691999127,5000
0.7810001414551666,1.8833568912004781,0.13689936104523068,0.5818634433047735,20000
