a,b,sigma_fg_normed,v_mem,iter_num
0.2,0.2,0.01,0.2,5000
0.41576869936565053,0.9972762464463364,0.06030318324824451,0.28985732951510707,5000
0.41829464715968306,0.9904807045470028,0.06943589917824838,0.3006172191834927,5000
0.40546645006554666,0.9713540554957065,0.07346856242562033,0.28275707696636293,20000
