a,b,sigma_fg_normed,v_mem,iter_num
0.2,0.2,0.01,0.2,5000
0.3362824753734469,0.6464363877188822,0.06165813788222236,0.2455289377224213,5000
0.38329578159091826,0.7541142879173064,0.05812490621476755,0.22632700792215513,5000
0.4067430596031934,0.7483378719221393,0.05942289887524344,0.2372164417934456,20000
