a,b,sigma_fg_normed,v_mem,iter_num
0.2,0.2,0.01,0.2,5000
0.503529737442492,1.0329658610405552,0.09013210383058422,0.3333825271655519,5000
0.4734930701099178,0.8908567793850966,0.07995520750703979,0.30911362818005317,25000
