a,b,sigma_fg_normed,v_mem,iter_num
0.2,0.2,0.01,0.2,5000
1.5253955323344304,2.5047663547907413,0.12561037663014538,0.8481809805422608,5000
1.3879332560337205,3.3034043510276754,0.1601019080281549,0.9992538306659792,5000
1.424714400030292,3.492800029882987,0.17731534616264685,0.9542750210110493,20000
