a,b,s,v_mem,iter_num
0.2,0.2,0.01,0.2,5000
1.152393559387452,3.4922423046626005,0.043121626518042834,0.6455698191944849,5000
0.9829589711231854,2.6529942850154358,0.006023105919340745,0.5385349955398236,5000
0.8821780206223846,2.429977840434919,0.005732647134728478,0.6523639291898918,20000
