a,b,sigma_fg_normed,v_mem,iter_num
0.2,0.2,0.01,0.2,5000
0.8534549843132425,1.6599188647376608,0.11310376272547297,0.4811979916056533,5000
0.8036663831401173,1.4173648141409163,0.0928955673361834,0.4004555713017248,5000
0.7523111769473702,1.273896100578485,0.0902097265003724,0.41709609074824056,20000
