a,b,sigma_fg_normed,v_mem,iter_num
0.2,0.2,0.01,0.2,5000
0.4256657031344296,1.0278437711682122,0.06996472772650915,0.30314569024777377,5000
0.39874562927195534,0.9655312312100439,0.06059022726160682,0.28148912616341176,5000
0.4507021890435429,1.0780892000973106,0.06703021937491956,0.29344418322331084,20000
