a,b,sigma_fg_normed,v_mem,iter_num
0.2,0.2,0.01,0.2,5000
0.7269458865695893,1.4361902802152584,0.1031835074156949,0.4754152086957362,5000
0.7063407957520144,1.362526069087365,0.10214902846236307,0.4457835553557608,5000
0.6526867884873462,1.3637222221362009,0.11008238536640931,0.43570089071491724,20000
