a,b,sigma_fg_normed,v_mem,iter_num
0.2,0.2,0.01,0.2,5000
1.2979701703994673,2.161345811210779,0.1513360439831999,0.9020673574798083,5000
1.5104488385687267,3.3079895492530254,0.28793532811609085,0.9270481007068945,5000
1.7652324087812563,4.112706065232379,0.26082162636611866,0.9217136223876679,20000
