a,b,sigma_fg_normed,v_mem,iter_num
0.2,0.2,0.01,0.2,5000
0.5513465970748502,1.577814773334961,0.1299461338590389,0.47844354043174403,5000
0.7089458696930298,1.4008736849064525,0.1011810580533283,0.46534871510602416,5000
0.6887982640947757,1.3616861122276642,0.10071773576277536,0.42237225933927,20000
