a,b,s,v_mem,iter_num
0.2,0.2,0.01,0.2,5000
0.36838076258352287,0.6011332491417312,0.007028875655313979,0.23018276522206435,5000
0.35146205248836954,0.5531814581096248,0.007407547752029965,0.22729553267001026,5000
0.4106945072751373,0.6373208024649116,0.007146830428816466,0.23732337582602075,20000
