a,b,sigma_fg_normed,v_mem,iter_num
0.2,0.2,0.01,0.2,5000
0.8892179432890834,2.1233106141240885,0.136258566417056,0.5597897200869596,5000
0.8718361075977051,2.210396368845723,0.14474492730358132,0.5706694423435761,5000
0.9467589788608742,2.3140598979002114,0.1443250222763076,0.5880944220561181,20000
