a,b,sigma_fg_normed,v_mem,iter_num
1.0,1.0,0.01,1.0,1000
0.42537768937483394,0.803774110133832,0.03816881369735801,0.24589103329342923,1000
0.3987689746463621,1.1877899976881485,0.10459660003511481,0.28726753360961693,1000
0.4067969228567026,1.1398141985169443,0.10318320856008989,0.28559824640205866,1000
0.38759887912607116,1.0559218844044107,0.09516784847164743,0.28074426349585974,1000
0.3826135791903368,1.0031401187465896,0.089629173708733,0.2816009398010281,20000
