a,b,s,v_mem,iter_num
0.2,0.2,0.01,0.2,5000
1.4681777712610462,4.483896636991584,0.04411215615603995,0.7571988085959853,5000
0.8856039081105749,2.7005094306431427,0.005300359340026237,0.5265349220788045,5000
0.9999834035343891,2.7421948650471846,0.005865476088050877,0.641308120507533,20000
