a,b,s,v_mem,iter_num
0.2,0.2,0.01,0.2,5000
1.0655380191675488,1.3121780598847221,0.028766635377118207,1.0565831148712936,5000
1.4626573553537443,2.1698837311565957,0.016099315736694434,1.1610421182638477,5000
1.564155779043728,2.4035264675793915,0.015004404824498654,1.086640345366977,20000
