a,b,sigma_fg_normed,v_mem,iter_num
0.2,0.2,0.01,0.2,5000
0.6535605762770169,1.8477232774279837,0.13408141404809384,0.48269162813791444,5000
0.7037292932838151,1.583822462420344,0.12667696496910344,0.4729808370262159,5000
0.7418020740142918,1.5787761440176356,0.1283560427684688,0.4643679511273544,20000
