a,b,v_mem,iter_num
0.2,0.2,0.2,5000
0.3991262272005958,1.343901941430817,0.07995976322659966,5000
0.0997706579082965,0.32867493312168106,0.07358770869944252,5000
0.0913775231997122,0.31188946669508477,0.0743203412102603,20000
