a,b,sigma_fg_normed,v_mem,iter_num
0.2,0.2,0.01,0.2,5000
0.36544689579219175,0.665357285984644,0.06529868117364544,0.22599072937265882,5000
0.31433478209251725,0.6755438844210502,0.05893025799910016,0.22076019219324464,5000
0.33187346495179376,0.6463841294791828,0.05909574065894208,0.23883952071203243,20000
