a,b,s,v_mem,iter_num
0.2,0.2,0.01,0.2,5000
0.3572536153043657,0.5997088124797434,0.007290129121610628,0.23744807063851583,5000
0.33181023565675244,0.5719967698211604,0.006934410666115675,0.22710164673081903,5000
0.350616024891173,0.5955929455626743,0.006818798114429156,0.22528495613709024,20000
