a,b,sigma_fg_normed,v_mem,iter_num
0.2,0.2,0.01,0.2,5000
0.6019521235693875,0.9472913892549519,0.0641283295882501,0.4172432384691107,5000
0.6343630403100275,1.1513559883471576,0.09036576969071095,0.4412392587378388,5000
0.6843323481795196,1.2530572442807766,0.0884750925955982,0.4477519684111182,20000
