a,b,sigma_fg_normed,v_mem,iter_num
0.2,0.2,0.01,0.2,5000
0.38165953627115146,1.0229075881487766,0.10182738791041374,0.2375136663657114,5000
0.36268011046770043,0.6432444396789315,0.05837030596011971,0.2375928413553789,5000
0.3691034013815526,0.6404045975515256,0.0589731806552429,0.25523526922265843,20000
