a,b,sigma_fg_normed,v_mem,iter_num
0.2,0.2,0.01,0.2,5000
0.8805876809072171,1.9734106108339347,0.2266403910240084,0.5778507588359861,5000
0.8314527692878458,2.0445920697785884,0.14412752054941005,0.5742632632054073,5000
0.8782009982426244,2.194804994369367,0.15112501743544027,0.6205173542564393,20000
