a,b,sigma_fg_normed,v_mem,iter_num
0.2,0.2,0.01,0.2,5000
0.8544061370894747,1.1957973306997922,0.17436655198091014,0.46928919573718353,5000
0.7084295152670658,1.2969168477688087,0.12031913998616459,0.4581893694198249,5000
0.8458598976422319,1.5832653042077214,0.12498432151234223,0.467720594193308,20000
