a,b,sigma_fg_normed,v_mem,iter_num
0.2,0.2,0.01,0.2,5000
0.6568195974094477,1.4466221928486134,0.09332782585210703,0.4356258213083515,5000
0.6079183061958044,1.2493619730588263,0.08415726490319192,0.4151931334076914,5000
0.6698972848614672,1.388423928577254,0.08784734830895997,0.43010244690580135,20000
