a,b,s,v_mem,iter_num
1.0,1.0,0.01,1.0,1000
0.570527152222342,0.7702884836914573,0.010528635929995022,0.38280218028809065,1000
0.57501122516985,0.8528614161529298,0.010484152010473861,0.36164443595985407,1000
0.5405986422616745,0.8463226416991452,0.010054866538645235,0.3584036413550247,1000
0.5455332842001417,0.8789522001767104,0.01056798663451971,0.35872612601730824,1000
0.5275771296431233,0.876358006423188,0.010415040710870415,0.3599293063144165,20000
