a,b,sigma_fg_normed,v_mem,iter_num
0.2,0.2,0.01,0.2,5000
0.7660247694741099,1.8098981369187792,0.10249121667157549,0.4196667193226178,5000
0.6508868744256884,1.5596754136323296,0.10901929841535515,0.4266853450311203,5000
0.6756136578226489,1.5431888584517162,0.10645813338244156,0.47194671737468963,20000
