a,b,s,v_mem,iter_num
0.2,0.2,0.01,0.2,5000
1.4178372268978126,1.9554359862366162,0.032845179721848215,1.2443987851986433,5000
1.8167179241295317,2.3625616240630207,0.016017505799959024,1.2152291849237593,5000
1.6463126615268684,2.052906172400939,0.014898745700061706,1.2413028370975852,20000
