a,b,sigma_fg_normed,v_mem,iter_num
0.2,0.2,0.01,0.2,5000
0.33143435063495774,0.7189115356158947,0.06024028386695581,0.22810222547985215,5000
0.3453789750105382,0.6703692021260148,0.0520315854548016,0.2197240532808187,5000
0.3463989528167681,0.7146216139829445,0.04924185037651139,0.21530285559996173,20000
