a,b,sigma_fg_normed,v_mem,iter_num
0.2,0.2,0.01,0.2,5000
0.6624457766503117,1.3312490570104776,0.1259612151377761,0.4704758194868721,5000
0.7962857196797534,1.2298500536387866,0.09976604847759588,0.4524087724144887,5000
0.7272480561452328,1.256391260148976,0.1023215975232435,0.44731170778333507,20000
