a,b,sigma_fg_normed,v_mem,iter_num
0.2,0.2,0.01,0.2,5000
0.7408641763268445,1.3773155678246882,0.08068123481552418,0.4428326886317232,5000
0.7290033880613489,1.317060721831311,0.09549293982809698,0.453448121643748,5000
0.7256803923597848,1.3501233288180339,0.10455840871561481,0.43936090136314937,20000
