a,b,sigma_fg_normed,v_mem,iter_num
0.2,0.2,0.01,0.2,5000
0.7843915401960476,1.2690403107580248,0.07739898755167245,0.414238295260474,5000
0.7280665854432137,1.4653494042899695,0.09263665245684836,0.4200557003603303,5000
0.68135280034908,1.3019532612894318,0.09993753829501095,0.41884606517194184,20000
