a,b,sigma_fg_normed,v_mem,iter_num
0.2,0.2,0.01,0.2,5000
0.5822677544461893,1.9120867589410668,0.18162603249005044,0.46939505165781226,5000
0.7753952996719025,1.5511666341219335,0.11856558746173725,0.4594850570697932,5000
0.7707360971921844,1.434020487793612,0.12089858614954363,0.4788270805726102,20000
