a,b,sigma_fg_normed,v_mem,iter_num
0.2,0.2,0.01,0.2,5000
0.43428985898451894,0.9330330358928755,0.06401170660063457,0.3024399730413023,5000
0.45153356534047656,1.0855530481459656,0.07080628520382812,0.2848520133849687,5000
0.40062866086102245,0.94948181232586,0.06736040714297999,0.2806104633929122,20000
