a,b,s,v_mem,iter_num
0.2,0.2,0.01,0.2,5000
1.1157969040148228,3.494502948382712,0.04240516410837634,0.6565714883639284,5000
0.9739102312938555,2.5712474223906088,0.00700274751445364,0.6053375824137321,5000
0.9381901665702101,2.596250040951545,0.006285418622102198,0.5854271828015921,20000
