a,b,sigma_fg_normed,v_mem,iter_num
0.2,0.2,0.01,0.2,5000
0.4243227050306805,1.0346527790473017,0.054449700976450056,0.2817495463122241,5000
0.43358257477264206,0.9571824154517754,0.059480670549443025,0.3066233227403482,5000
0.40626840137590725,0.932525629974464,0.059767334882448064,0.26686457162566407,20000
