a,b,sigma_fg_normed,v_mem,iter_num
0.2,0.2,0.01,0.2,5000
0.7271989355827674,1.556823476808635,0.10764422935898783,0.6394206060297575,5000
0.8578016192316481,2.176580325403512,0.12894699201527007,0.5412763199411731,5000
0.7902345712090043,1.9731372485728584,0.1424504540859503,0.5949303551585604,20000
