a,b,s,v_mem,iter_num
0.2,0.2,0.01,0.2,5000
1.764921974168367,2.592215624959425,0.029668621755728125,1.0162482431510353,5000
1.3591724704010413,1.8407769610216491,0.01472254240330266,1.066944179641842,5000
1.4361159285487746,2.024780715900338,0.015529117887772965,1.0129841787402805,20000
