a,b,s,v_mem,iter_num
0.2,0.2,0.01,0.2,5000
1.3649417029955915,2.2986057612727473,0.02936715396869647,1.142112792505147,5000
1.3471186668354607,1.8891686282664424,0.015543269766947717,0.9868057837883076,5000
1.4299306820324547,1.9274514277204968,0.015211273192369734,1.0710166447332181,20000
