a,b,sigma_fg_normed,v_mem,iter_num
0.2,0.2,0.01,0.2,5000
0.8160731660035495,1.2142402196768531,0.1022220765296553,0.4367513802605976,5000
0.767877803008031,1.3321207001362787,0.11420415985115664,0.4653627849477043,5000
0.7269178036327796,1.2811303372249985,0.11388631909898018,0.4332315340861228,20000
