a,b,s,v_mem,iter_num
0.2,0.2,0.01,0.2,5000
1.5163405521014213,5.003008212702696,0.040197171756731834,0.6384877328895311,5000
0.8868477964923379,2.7313239410733945,0.005973947244296068,0.6102841815098716,5000
0.8005526988404069,2.451936760910872,0.004795984938867443,0.5736406195782184,20000
