a,b,sigma_fg_normed,v_mem,iter_num
0.2,0.2,0.01,0.2,5000
0.7277658295170645,1.3533250780728934,0.12666246837406905,0.47537772745433615,5000
0.684016123805431,1.3421381853364316,0.10398707392674651,0.5041735015782526,5000
0.7689876873040907,1.4156625755792354,0.09954188151386739,0.45230781015418525,20000
