a,b,sigma_fg_normed,v_mem,iter_num
0.2,0.2,0.01,0.2,5000
1.3680876332020095,2.5635907670878404,0.26424016188659644,1.0994603349208607,5000
1.474365466022721,3.3784583962711414,0.2665925558777153,1.1704952585186996,5000
1.4482467206868264,3.21859783958014,0.2536813271834081,1.1055200854575302,20000
