a,b,sigma_fg_normed,v_mem,iter_num
0.2,0.2,0.01,0.2,5000
0.6905701691386993,1.274344806711499,0.10245540760556839,0.490714460061226,5000
0.7978981487059441,1.5334604860836536,0.11383288494237317,0.501086526812033,5000
0.8338059937519603,1.4777159465703882,0.10476854453357025,0.4826690426120329,20000
