a,b,sigma_fg_normed,v_mem,iter_num
0.2,0.2,0.01,0.2,5000
0.3923745766931047,0.7321749919194803,0.07647367613499184,0.23289249385520525,5000
0.3748421975531819,0.7263633017267773,0.06528819244659793,0.22780639319587423,5000
0.35978789959218466,0.7412723306866962,0.06736419408280621,0.23180900970832177,20000
