a,b,v_mem,iter_num
0.2,0.2,0.2,5000
0.5183780283788514,1.6471279981538811,0.0945219956597452,5000
0.08636037057328148,0.28804650391677444,0.07412008374924256,5000
0.08542283377621272,0.28527538068411756,0.07452659336842742,20000
