a,b,sigma_fg_normed,v_mem,iter_num
0.2,0.2,0.01,0.2,5000
0.8140143462993951,1.819027731778318,0.1267061979250501,0.5584181413934671,5000
0.8174121996100565,1.823469445771935,0.12424450786821427,0.5623552370951946,5000
0.8622268826903098,1.8409106650361804,0.11904148346370769,0.5607173636892305,20000
