a,b,sigma_fg_normed,v_mem,iter_num
0.2,0.2,0.01,0.2,5000
1.0543428936557306,2.0038683441904306,0.09637281409347834,0.5933786360806318,5000
0.9230243258193275,2.1048048179171785,0.14299327789016983,0.5806742718034813,5000
0.8302205580196658,1.8231317849187214,0.1236020949368643,0.6208309782241719,20000
