a,b,s,v_mem,iter_num
0.2,0.2,0.01,0.2,5000
1.2397028391580789,2.049685147225965,0.03203791860081572,1.2787356436828419,5000
1.707497875197467,2.0729109127190473,0.014930243184759481,1.126249973767725,5000
1.4189107763201747,1.8338632565695665,0.013398626433870976,1.1055108476507263,20000
