a,b,s,v_mem,iter_num
0.2,0.2,0.01,0.2,5000
0.5542872587182069,0.8495391290079914,0.01446557678184917,0.4646919292790631,5000
0.7377930991630817,1.2303396616793203,0.014487797304874291,0.43423394465322857,5000
0.704899140262183,1.2229148349184038,0.013732509598546239,0.4627733283566387,20000
