a,b,sigma_fg_normed,v_mem,iter_num
0.2,0.2,0.01,0.2,5000
0.63492052282148,1.1808259599154474,0.1140730663661942,0.4607533757068095,5000
0.6553945440912943,1.3656932794607461,0.10256823058043013,0.4340746595630633,5000
0.6767099285610849,1.4593553774439267,0.10805976356325529,0.4488742367470795,20000
