a,b,sigma_fg_normed,v_mem,iter_num
0.2,0.2,0.01,0.2,5000
0.3755327774321045,0.8447930016441924,0.07289214365955639,0.22585943863494193,5000
0.3609885258989141,0.842430158291405,0.060212163618756635,0.2439370981530744,5000
0.3900071526771266,0.829140525742482,0.05781598494082294,0.2219536916512599,20000
