a,b,sigma_fg_normed,v_mem,iter_num
0.2,0.2,0.01,0.2,5000
0.4232012276304517,0.661436227384637,0.0587576191345887,0.22697424721583398,5000
0.38378236309018393,0.7669777123240161,0.061358974509946373,0.25070670281830343,5000
0.3811724498073113,0.7626999836112566,0.059575111956244146,0.2506538808317379,20000
