a,b,s,v_mem,iter_num
0.2,0.2,0.01,0.2,5000
0.6313156357982824,1.128315908793026,0.015107598445473972,0.47672440408405714,5000
0.6500547734800577,1.1035469209195692,0.01371668565516463,0.46078898036020133,5000
0.7027904216474722,1.2194318321396291,0.013144444813915293,0.4767840262570807,20000
