a,b,s,v_mem,iter_num
0.2,0.2,0.01,0.2,5000
0.5902795128919759,0.9384638483314979,0.014553669314851154,0.47337186148806465,5000
0.6188007843864111,1.0712753724423354,0.014268380695133455,0.47594543969598785,5000
0.6844121217979854,1.2312498208095082,0.013113764964732594,0.4587392057949541,20000
