a,b,sigma_fg_normed,v_mem,iter_num
0.2,0.2,0.01,0.2,5000
0.7769382423825948,1.1608360056571783,0.07145706338944627,0.4235921521606904,5000
0.7487696904446512,1.4232104512808805,0.09969614993395108,0.3977986077810635,5000
0.7654687423490256,1.4576715213570621,0.0947611618808961,0.4347165746461537,20000
