a,b,s,v_mem,iter_num
0.2,0.2,0.01,0.2,5000
0.8375168554495563,2.6820482940208774,0.04509552541402737,0.5698820577911199,5000
0.947260063823627,2.8203175356962964,0.005932554562300972,0.6845712559234507,5000
0.9924581080835887,2.7958409017430235,0.0053098970747965865,0.629147395152577,20000
