a,b,s,v_mem,iter_num
0.2,0.2,0.01,0.2,5000
1.5475501975297659,2.0235331550565756,0.029109597128988775,1.0164674701296454,5000
1.6597026235989754,2.198617130441358,0.015325925522904939,1.1290072316378894,5000
1.4744016452333586,1.9872663245800013,0.0155170451304059,1.0639450933886523,20000
