a,b,s,v_mem,iter_num
0.2,0.2,0.01,0.2,5000
1.765176343800817,5.612619436939168,0.047123751404843914,0.6800875811339946,5000
0.9470834716514801,2.7030145824289247,0.005750192145024848,0.618591157901816,5000
0.8568248836665383,2.6307558481845668,0.006356681919777583,0.6718881181564506,20000
