a,b,sigma_fg_normed,v_mem,iter_num
0.2,0.2,0.01,0.2,5000
0.8542488620992218,1.9033506079695697,0.10661368245875928,0.5794258792753091,5000
0.7747296669651791,1.9486791457155492,0.1291428448823302,0.5224281337286785,5000
0.778814952400954,1.8518353250365345,0.12838438060310783,0.5729827713390973,20000
