a,b,sigma_fg_normed,v_mem,iter_num
0.2,0.2,0.01,0.2,5000
0.4222993699365811,1.1091968642386651,0.06737314623779486,0.27777669005199485,5000
0.35760151787562156,0.8577962243511035,0.06109861618430749,0.2996245843301436,5000
0.43634348318250166,1.0101449333382688,0.06366451364323898,0.2709786247681166,20000
