a,b,sigma_fg_normed,v_mem,iter_num
0.2,0.2,0.01,0.2,5000
1.4313302359683968,2.7285127656739876,0.23759051086591312,0.9493882171126898,5000
1.5246545909278448,2.6861034546028533,0.22298877757441596,0.8618386807075479,5000
1.3320626753995848,2.333358096410573,0.20397033047514856,0.9606692788552433,20000
