a,b,s,v_mem,iter_num
1.0,1.0,0.01,1.0,1000
1.0385278872736206,1.1051313057522374,0.057519594114554054,0.39815438952546495,1000
0.8119574780917476,0.90438610107108,0.0415956016613973,0.30317826033803513,1000
0.697282779069514,0.8030240028651263,0.034391858841345734,0.2941664413186732,1000
0.6317074366355611,0.7584821270993715,0.030089176655749065,0.27871176969627004,1000
0.597497045432492,0.7293426551972397,0.027053514287350203,0.2826979743235301,20000
