a,b,sigma_fg_normed,v_mem,iter_num
0.2,0.2,0.01,0.2,5000
0.4351767686161756,1.13019249815504,0.08996877839917206,0.2709911205164642,5000
0.45559641950476065,1.1723323307265188,0.06878032603527333,0.30404027491851304,5000
0.39810365180248297,1.0786061168243337,0.06937303533447,0.29444212543996623,20000
