a,b,s,v_mem,iter_num
0.2,0.2,0.01,0.2,5000
0.9159424018710802,1.568966493151101,0.013630702747932771,0.480195171163733,5000
0.7689577436216986,1.313151084572466,0.013992145731760596,0.5098890043195398,5000
0.8670021730307227,1.4644325506574798,0.013991660169379748,0.45532182946237737,20000
