a,b,s,v_mem,iter_num
0.2,0.2,0.01,0.2,5000
1.4270776080518262,4.680428303213442,0.04797982248797648,0.6773281928378141,5000
0.9294141760239122,2.5092905905112293,0.0067024297667207635,0.5234983219838429,5000
1.0575755041462764,2.8476620097733636,0.0061734826583095155,0.6183531914653602,20000
