a,b,s,v_mem,iter_num
0.2,0.2,0.01,0.2,5000
0.6126706122096591,1.0614133432800767,0.014210551001778062,0.4596913825557484,5000
0.6324187601569953,1.092977692887293,0.013374573193364995,0.46605111675773414,5000
0.6224392258688791,1.063874788787825,0.013398516227854297,0.4439989199708255,20000
