a,b,s,v_mem,iter_num
0.2,0.2,0.01,0.2,5000
2.329871028460594,3.0946673424753426,0.032278876659777155,1.0915876942721159,5000
1.5019821687667199,1.966619041721738,0.014901702027469968,1.2362679165756447,5000
1.6809477622452396,2.2043183865180267,0.01566954925652715,1.1782478508881722,20000
