a,b,s,v_mem,iter_num
0.2,0.2,0.01,0.2,5000
0.643502651049215,1.205913682577075,0.013985553426739248,0.4079931769457917,5000
0.718799988545841,1.326665646431175,0.013581623409614777,0.4752228030339569,5000
0.6848185700884278,1.2945268542398651,0.013896352890387702,0.4392328602742563,20000
