a,b,sigma_fg_normed,v_mem,iter_num
0.2,0.2,0.01,0.2,5000
0.35621144450106995,0.6135990505600449,0.06725427013080601,0.22645551895721017,5000
0.3522382992216469,0.6604209373841199,0.05698676399810951,0.23849004067158938,5000
0.37661250446019007,0.7329156235808176,0.05726284861939203,0.24228336646922863,20000
