a,b,s,v_mem,iter_num
0.2,0.2,0.01,0.2,5000
1.7336184008278541,5.973153020215185,0.051460006202573065,0.7773051530885731,5000
0.8479378957970303,2.5009768774431653,0.0062513973346147314,0.5516582702661044,5000
1.0242767028166562,2.816194852488725,0.006840947881938353,0.641666497666773,20000
