a,b,v_mem,iter_num
0.2,0.2,0.2,5000
0.11435351677556933,0.1731840877065574,0.0816783977947301,5000
0.10029713319416854,0.15637144152105753,0.07489965691103381,5000
0.1097144991374941,0.1672219892242969,0.07917673107772606,20000
