a,b,sigma_fg_normed,v_mem,iter_num
0.2,0.2,0.01,0.2,5000
1.318815757165728,2.3672099537989277,0.1560410593600192,0.8050917514522801,5000
1.5109288582144904,2.386170105016952,0.18907838497965265,0.8309882027787175,5000
1.613525711173691,2.5453032896703993,0.2323661337948523,1.0317058174163773,20000
