a,b,s,v_mem,iter_num
0.2,0.2,0.01,0.2,5000
1.2861651145128248,1.9432508916492552,0.030635647430076525,0.9781467134423624,5000
1.4981910164950305,2.021521289747269,0.015376606541452415,0.947663999280976,5000
1.5436058219609525,1.9965010796991427,0.016197605010290217,1.1087305694848812,20000
