a,b,s,v_mem,iter_num
0.2,0.2,0.01,0.2,5000
1.896674619116217,5.4485031762148095,0.03936449213871217,0.74992392100857,5000
1.1322810295818175,3.1684610824171866,0.007652676334016427,0.5997218264932926,5000
1.101598379986106,3.0540840127859936,0.008338702836655623,0.7026819682811865,20000
