a,b,s,v_mem,iter_num
0.2,0.2,0.01,0.2,5000
1.1240201052348229,3.5991085560561946,0.04297397331039332,0.602902930975829,5000
0.9428029310212275,2.4359395809368167,0.006218652361161651,0.636043914894248,5000
0.9730411664876738,2.771142197811346,0.004990683281628321,0.6226293342552561,20000
