a,b,s,v_mem,iter_num
0.2,0.2,0.01,0.2,5000
1.5106469506503182,2.402739261919632,0.03213563429995046,1.284543286527383,5000
1.4861161147054927,1.950454347648425,0.014946701989035636,1.221962621293827,5000
1.4540719718682449,1.8483366734219668,0.014355787113576003,1.171774835244306,20000
