a,b,s,v_mem,iter_num
0.2,0.2,0.01,0.2,5000
1.0140850550244698,1.4341043760197956,0.026013139922947282,0.8807212288296684,5000
1.2825927879741188,1.8142833948568629,0.014685904441586529,1.0137251220782202,5000
1.2398040736354747,1.7569685975147669,0.014668820887027327,0.8921605417020261,20000
