a,b,sigma_fg_normed,v_mem,iter_num
0.2,0.2,0.01,0.2,5000
0.6244835101661386,1.0683313450652274,0.06830968184778201,0.3977907632551485,5000
0.7026761528296321,1.2357054154952285,0.08321767803124762,0.43304318065463593,5000
0.7104850207203636,1.319089293489862,0.09044554158708369,0.3875086536488709,20000
