a,b,sigma_fg_normed,v_mem,iter_num
0.2,0.2,0.01,0.2,5000
0.346794225827783,0.7616093755464941,0.06070504772219403,0.2219844001615773,5000
0.36747344973070384,0.8562923253057035,0.05639662496436319,0.23112931465203237,5000
0.3779448954836102,0.7970195080678989,0.0578789122133562,0.2372227474785712,20000
