a,b,sigma_fg_normed,v_mem,iter_num
0.2,0.2,0.01,0.2,5000
0.3841473724990987,0.754423404667988,0.07130419155684346,0.23076599154077795,5000
0.350368611673556,0.5575081869004405,0.052859444588643445,0.2342555669613265,5000
0.3575597518791459,0.60880685132532,0.04984729396660794,0.21830103146421778,20000
