a,b,sigma_fg_normed,v_mem,iter_num
0.2,0.2,0.01,0.2,5000
0.36679688132175614,0.8019858400529601,0.07866250550559423,0.23146027492403065,5000
0.35480621651298555,0.7376083726529151,0.05917429963691996,0.24427548321497236,5000
0.3492097587723135,0.7092835986022205,0.05536907266057934,0.23397149783802992,20000
