a,b,s,v_mem,iter_num
0.2,0.2,0.01,0.2,5000
0.49396685015819014,0.7798357045471647,0.00974274586805547,0.3202387893994083,5000
0.5248403045541666,0.8256278744040979,0.011120003871654767,0.33626876333820804,25000
