a,b,sigma_fg_normed,v_mem,iter_num
0.2,0.2,0.01,0.2,5000
0.8182035434773699,1.6582837481362447,0.07393075755946314,0.5390165516232523,5000
0.8396212337106843,2.0140678766770765,0.1328079303256741,0.5891424742064834,5000
0.88499306624108,1.975532080856395,0.12602023691887615,0.6104635531925325,20000
