a,b,s,v_mem,iter_num
0.2,0.2,0.01,0.2,5000
0.32500787856522695,0.5419022976791809,0.0069474379448220365,0.21812388333712768,5000
0.32866523468928094,0.5718759803003508,0.0065148284045432065,0.21464069873145403,5000
0.3199906354624329,0.5588668916069238,0.006835842112407191,0.19412655135154797,20000
