a,b,s,v_mem,iter_num
1.0,1.0,0.01,1.0,1000
3.530824,3.818817,0.006693,0.418041,1000
2.593054,2.814877,0.007205,0.337458,1000
2.144113,2.316025,0.006570,0.286253,1000
1.873551,2.011876,0.005872,0.257046,1000
1.697659,1.812043,0.005886,0.254530,20000
