a,b,s,v_mem,iter_num
0.2,0.2,0.01,0.2,5000
1.9019427850116055,2.714540753834591,0.03190453784288964,1.0843234057130184,5000
1.335829893442173,1.7650159642694514,0.015115542718789671,1.0386712142239665,5000
1.5716115813162246,1.9764209154554218,0.01440560016169624,1.0934995712563238,20000
