a,b,sigma_fg_normed,v_mem,iter_num
0.2,0.2,0.01,0.2,5000
0.9175077243200203,2.0883278167245773,0.10623264126211787,0.5604752055748862,5000
0.809821767355359,2.016430329238386,0.11191685117685408,0.5816492363241648,5000
0.7927627178585397,1.8735844017620396,0.12326637524371552,0.5952864533298265,20000
