a,b,s,v_mem,iter_num
0.2,0.2,0.01,0.2,5000
1.7156976308650869,5.6077357518730135,0.0425124235513549,0.7551282853288525,5000
0.9867249863800647,2.6602695112264874,0.005225659416670504,0.7371059645939848,5000
1.0397706297114861,2.927899898774711,0.006470495104245552,0.6533403966908974,20000
