a,b,s,v_mem,iter_num
0.2,0.2,0.01,0.2,5000
0.7185858885266434,1.1460240754482285,0.013933864139520314,0.46558715233774167,5000
0.7119564256666834,1.1451254051162274,0.012878152496972162,0.4656932081648675,5000
0.8014700481026377,1.2214314714215981,0.013848676820168125,0.46189528730097884,20000
