a,b,sigma_fg_normed,v_mem,iter_num
0.2,0.2,0.01,0.2,5000
0.7180339913256883,1.6031053264493338,0.10846076868849498,0.47606677170369666,5000
0.6901055966742244,1.6223716216500939,0.12432002125289328,0.4322104766044754,5000
0.7148394508431896,1.726565830890424,0.12297634114023036,0.48259643267444435,20000
