a,b,sigma_fg_normed,v_mem,iter_num
0.2,0.2,0.01,0.2,5000
1.8291448995194817,2.428512332792741,0.10387087952110939,0.8884327528554488,5000
1.7483203325870156,2.4598712984854134,0.19303639446152354,0.9267005619626398,5000
1.7273873659614682,2.6537909900406795,0.1846687675193036,0.9565691955137421,20000
