a,b,s,v_mem,iter_num
0.2,0.2,0.01,0.2,5000
1.0361752277446,1.7600284571553562,0.03168357245885128,1.1550299056662137,5000
1.6397151728181545,2.3002541280960442,0.016118044361189056,1.264655138486127,5000
1.521102221558661,1.9608699429282122,0.015389173368607527,1.188631218952989,20000
