a,b,sigma_fg_normed,v_mem,iter_num
0.2,0.2,0.01,0.2,5000
0.6119169915148134,1.4163816693221702,0.11504914058982611,0.3992193191301769,5000
0.6373759881432739,1.3479852786372577,0.09463499715133857,0.41268029202624434,5000
0.6103436822121127,1.2693575203484397,0.09523847340642431,0.45007196289605367,20000
