a,b,s,v_mem,iter_num
0.2,0.2,0.01,0.2,5000
1.4950084655104672,2.139505741756894,0.03300896182480431,1.1118528722178893,5000
1.6952215746365402,2.2039790424823757,0.015396260620601475,1.1867637415875592,5000
1.549140419254945,2.093537804553759,0.015581407990595854,1.216470843331154,20000
