a,b,s,v_mem,iter_num
0.2,0.2,0.01,0.2,5000
0.6657158241490342,1.027997369152767,0.01462744780564357,0.4326715563884565,5000
0.701791737532661,1.096871855124596,0.014507606449195463,0.49322785325359336,5000
0.6903504492087892,1.0769706020328567,0.01341391777262766,0.4591299334830822,20000
