a,b,sigma_fg_normed,v_mem,iter_num
0.2,0.2,0.01,0.2,5000
0.8144739726329503,1.8436875818659006,0.11901832420178057,0.5445749151001101,5000
0.8311592958997498,1.9870202112709967,0.14045914332839737,0.5504202613180127,5000
0.811962541441805,1.895616467273623,0.12971429231560577,0.526879842481496,20000
