a,b,s,v_mem,iter_num
0.2,0.2,0.01,0.2,5000
0.8807231328691676,2.807002926465568,0.04680860299466355,0.6162227408470432,5000
1.010472304369084,2.6361192730055882,0.005656457384900259,0.6297653599234216,5000
0.978112585224222,2.5516808459228764,0.005745200305799452,0.6481934886019622,20000
