a,b,s,v_mem,iter_num
0.2,0.2,0.01,0.2,5000
1.222413165870131,3.64620611873289,0.0460129149198113,0.5454029128924682,5000
0.6380827228184651,1.9257695023850734,0.0037842056796934817,0.6335208684343291,5000
0.8261144142267316,2.704245143293184,0.004519175385061337,0.6433017231471498,20000
