a,b,sigma_fg_normed,v_mem,iter_num
0.2,0.2,0.01,0.2,5000
1.3339993209467378,2.134011165908625,0.1482748119225384,0.8169158224394398,5000
1.4299226650354495,2.6518201790702514,0.20501783979804694,0.8781411315140126,5000
1.5784198161821705,3.16299537483018,0.23016531909229532,0.938036013659126,20000
