a,b,sigma_fg_normed,v_mem,iter_num
0.2,0.2,0.01,0.2,5000
0.36970965464362726,0.9205886566428079,0.06264654012007585,0.25751214907139075,5000
0.37916808674914027,0.8588037312094334,0.059262447120747574,0.26571091361185156,5000
0.4025827268078467,0.9299264474302332,0.06410716844798173,0.2566204178863893,20000
