a,b,s,v_mem,iter_num
0.2,0.2,0.01,0.2,5000
0.6501275783345134,0.888580890683927,0.01381508599329795,0.4315542953947959,5000
0.6886540333644848,1.0916882235291316,0.014311389105582406,0.41250680533409334,5000
0.6785533580505443,1.055747204219551,0.01299159208849258,0.45475475082678857,20000
