a,b,sigma_fg_normed,v_mem,iter_num
0.2,0.2,0.01,0.2,5000
0.6361718374447919,1.3764658116689115,0.1079217696866179,0.4410501613957826,5000
0.6917810157170279,1.2931826898071115,0.1093407232388463,0.4365076872299206,5000
0.7017021288619442,1.3174845555987877,0.10460268124367747,0.46647920867397824,20000
