a,b,v_mem,iter_num
0.2,0.2,0.2,5000
0.10314346386409916,0.15645557759945244,0.0776298182304507,5000
0.10574217274444235,0.1605033595668518,0.08222892214846214,5000
0.10725112340054535,0.16842502532640644,0.07828295803408186,20000
