a,b,s,v_mem,iter_num
0.2,0.2,0.01,0.2,5000
0.6032748830490678,1.1269917460498042,0.01390075008737414,0.402003005789482,5000
0.6613374190330308,1.1306949606129635,0.014500239208599075,0.4383229429774219,5000
0.6430589137707935,1.1353973944754818,0.013102590556845334,0.43607536084898085,20000
