a,b,s,v_mem,iter_num
0.2,0.2,0.01,0.2,5000
0.36037889448354105,0.6156522897937371,0.007170919900757452,0.2299002338311534,5000
0.3628634451951355,0.6270758598635766,0.0068335540263981445,0.20417366412180624,5000
0.38413158964673594,0.6435095634072369,0.007167107555826162,0.23432383604715268,20000
