a,b,s,v_mem,iter_num
0.2,0.2,0.01,0.2,5000
1.9431127370237977,5.708459769204927,0.04169583682032081,0.7427680613679208,5000
1.0667530987713014,2.7675058350969004,0.006470191438366197,0.6922397073718402,5000
1.121923494867101,3.2248820585231313,0.0062017907394008144,0.677592463019785,20000
