a,b,s,v_mem,iter_num
0.2,0.2,0.01,0.2,5000
1.5440617730388677,2.1797201869163296,0.03384586952915895,1.1258132058940864,5000
1.4640613511668317,2.009100607448054,0.015797493867610292,1.033599835182968,5000
1.3705940800961187,1.8349679051199301,0.01578344226937967,1.0304342777734026,20000
