a,b,s,v_mem,iter_num
0.2,0.2,0.01,0.2,5000
1.0058034600059271,1.4826305171808096,0.03108712737881317,1.1190432779128814,5000
1.5382845695191911,2.033210283242688,0.015762756930735027,1.0994820676887984,5000
1.4533252821117097,1.9117476664837654,0.014776215412902836,1.13209789430558,20000
