a,b,sigma_fg_normed,v_mem,iter_num
1.0,1.0,0.01,1.0,1000
0.4252380669977575,0.6310641589967465,0.0304035934667819,0.15534660754560836,1000
0.3395283869053757,0.9540331594590918,0.09796615516597172,0.1755486160047781,1000
0.3092135633009494,0.8741063371394769,0.09269085301420717,0.1817140778203906,1000
0.2881933912290322,0.819728022109012,0.08534978699374911,0.17322512187122305,1000
0.27016261289352783,0.782302222575695,0.08041733268892057,0.1622087242250902,20000
