a,b,sigma_fg_normed,v_mem,iter_num
0.2,0.2,0.01,0.2,5000
1.2905340002887553,1.8595881330068853,0.10583239868605301,0.9954906914324672,5000
1.5172918809288896,2.2963353335088335,0.19484244091657762,0.8864337949467007,5000
1.616775649246295,2.5632251304267575,0.19704288195291678,0.9147062946443423,20000
