a,b,s,v_mem,iter_num
1.0,1.0,0.01,1.0,1000
3.530824243200437,3.8188174757077933,0.006692925595343054,0.4180407056880128,1000
2.5930543211310346,2.8148767338613783,0.007204594147330027,0.33745798360984064,1000
2.1441131587787634,2.3160253620316427,0.006570155212034195,0.28625313051359635,1000
1.8735513534804016,2.011875617829201,0.0058720217687666925,0.2570455291121224,1000
1.6976587442024003,1.8120425110661613,0.005885963730200406,0.25452950206340963,20000
