a,b,sigma_fg_normed,v_mem,iter_num
0.2,0.2,0.01,0.2,5000
0.38208486571000966,0.7995760654114301,0.03919944784565739,0.22966666839933114,5000
0.35317418311382975,0.8240199320271188,0.05554176169089352,0.2309094322180148,5000
0.29982888224099974,0.7131358123749368,0.05112298921735308,0.21312102508194522,20000
