a,b,s,v_mem,iter_num
0.2,0.2,0.01,0.2,5000
1.4877776198561425,2.0356194125220974,0.03222040492924415,1.16189385457744,5000
1.371760332962152,1.8962433542633312,0.015633326810538507,1.1495257737845557,5000
1.413630896268185,1.9006833432567523,0.016106024004466604,1.1844487664104377,20000
