a,b,sigma_fg_normed,v_mem,iter_num
0.2,0.2,0.01,0.2,5000
1.6665693159735835,1.8967606274331386,0.0965474051361868,0.848566055701195,5000
1.5088050175356578,3.855759986899025,0.2685221156230736,1.0464804208474747,5000
1.5024145354805627,3.418451123079233,0.23577710775630617,1.0094537474896155,20000
