a,b,sigma_fg_normed,v_mem,iter_num
1.0,1.0,0.01,1.0,1000
0.8198446339392026,1.4364824025616438,0.058044320618598814,0.5489098631306611,1000
0.8572160365702529,1.9591785479526542,0.12428913525817505,0.5607302339216234,1000
0.84493628778998,1.968826172260051,0.13526152093304183,0.5781399888959183,1000
0.8475554707667925,1.9971461429004889,0.13742431239394304,0.5946140144615903,1000
0.831841742621448,2.027358008288348,0.1429188751785071,0.5923667542147844,20000
