a,b,s,v_mem,iter_num
0.2,0.2,0.01,0.2,5000
0.5419346350042795,0.8740779267331654,0.0142436781303243,0.4191248204957391,5000
0.6468234810548767,1.089413502344929,0.014691452902414965,0.4554845529368013,5000
0.6379345200113657,1.107745605682197,0.014180404250607794,0.4637111556634123,20000
