a,b,sigma_fg_normed,v_mem,iter_num
0.2,0.2,0.01,0.2,5000
0.6952563593945731,1.728267120812725,0.12832931612909296,0.46408634102899665,5000
0.642436065404236,1.4560696447294426,0.1199819299437655,0.4855932162521388,5000
0.6417474857749917,1.4661424918946773,0.11090190968840502,0.4555644707738153,20000
