a,b,s,v_mem,iter_num
0.2,0.2,0.01,0.2,5000
1.3959117941117285,4.323877350591854,0.04749929383007104,0.5859451244836485,5000
1.1441279803981963,3.0638821778685745,0.006080263184990597,0.6967611567836082,5000
0.9236087723951358,2.5654344143639762,0.004946661114892321,0.6305423757719472,20000
