a,b,s,v_mem,iter_num
0.2,0.2,0.01,0.2,5000
1.594087410264582,2.5136316020179206,0.030927835600702752,0.9394894390785822,5000
1.4243562323277252,1.835257864246109,0.015154428968093247,1.0667957895860785,5000
1.514344806354791,1.9792136985738866,0.015068357132506292,1.0886303644882276,20000
