a,b,sigma_fg_normed,v_mem,iter_num
0.2,0.2,0.01,0.2,5000
0.7921771630498369,2.1332765582923594,0.14261864348944164,0.6101453387934135,5000
0.8866927334660071,1.958595764184168,0.13397888918113224,0.5755383264267283,5000
0.8640974965857009,1.930790352136071,0.13438699672093402,0.6009284541309559,20000
