a,b,v_mem,iter_num
0.2,0.2,0.2,5000
0.5027144924271465,1.6109873752251023,0.08679379001524183,5000
0.07743363534602389,0.2555609823929798,0.06305580227987904,5000
0.08464696891452544,0.28969633741177003,0.07885680415146724,20000
