a,b,s,v_mem,iter_num
0.2,0.2,0.01,0.2,5000
0.5896706904569368,0.9521941427066841,0.014817778297727695,0.4391760525496651,5000
0.6837981077843702,1.205898356145501,0.014818588755199903,0.4646257828538626,5000
0.7068180980575459,1.2798804094568672,0.01481627229542562,0.45747418762532094,20000
