a,b,s,v_mem,iter_num
0.2,0.2,0.01,0.2,5000
1.391630572351625,2.10114699526361,0.030030845993076007,1.1912761861955101,5000
1.536491821737224,2.178434195918948,0.01643117259349752,1.2432093557077886,5000
1.5458533093339766,2.07957081701448,0.01579307085077152,1.2580597340097035,20000
