a,b,s,v_mem,iter_num
0.2,0.2,0.01,0.2,5000
2.946680282024448,3.4090077466908046,0.009133215577586827,0.2521389476770815,5000
0.265999941695559,0.2588466591761558,0.003041840622167795,0.13308362910483681,5000
0.4047584262562103,0.3408551735136604,0.004677950630880458,0.20220115710289602,20000
