a,b,s,v_mem,iter_num
0.2,0.2,0.01,0.2,5000
1.980816483156843,2.835815765640058,0.031229840929442188,1.2028396054459705,5000
1.4847446339239245,2.0557037102605946,0.014613018825094052,1.1807111688069478,5000
1.5823129208825286,2.1108634917117617,0.015552391447067727,1.1434780842451944,20000
