a,b,sigma_fg_normed,v_mem,iter_num
0.2,0.2,0.01,0.2,5000
0.706473649351514,1.372350704043531,0.10015046461371285,0.4438532758100397,5000
0.7003723434239337,1.408498343849913,0.09756684348257096,0.45070705113638504,5000
0.7056478297979226,1.3476846312646251,0.10345473919580542,0.45299474218608327,20000
