a,b,sigma_fg_normed,v_mem,iter_num
0.2,0.2,0.01,0.2,5000
0.4017396247344782,0.9839860791395268,0.06391923460961701,0.2990001443278796,5000
0.42215790927771935,1.0005779209144354,0.06164313043297174,0.2819904864900444,5000
0.41786467381208037,1.0310149772082398,0.0638423106424403,0.2918990150025704,20000
