a,b,s,v_mem,iter_num
0.2,0.2,0.01,0.2,5000
1.521088294551328,1.8924934052100584,0.032200755840576724,1.024159480906089,5000
1.722473747062329,2.461923033779625,0.015367829413734579,1.2525839861795205,5000
1.7499372822659531,2.641762961912413,0.015284355275945903,1.2512657673642813,20000
