a,b,sigma_fg_normed,v_mem,iter_num
0.2,0.2,0.01,0.2,5000
0.3546949957245678,0.7356792278989432,0.05677942664256501,0.28746711557484844,5000
0.39957171564825317,0.8144428318966576,0.06061880983156594,0.27589891789049664,5000
0.4504385376170373,1.0098034061387418,0.06712037982856854,0.26811930952569096,20000
