a,b,s,v_mem,iter_num
0.2,0.2,0.01,0.2,5000
0.36579559909088794,0.6420106712402254,0.006858078013435611,0.21885863327671112,5000
0.3547304246436686,0.6020983597298611,0.006880994490746646,0.2112061325908074,5000
0.33884244049584705,0.5972071342988701,0.0068143913989859575,0.21915661800050648,20000
