a,b,s,v_mem,iter_num
0.2,0.2,0.01,0.2,5000
0.37636854294604916,0.612740510655809,0.007076024432155816,0.23652943560556838,5000
0.3426169332135278,0.5777057680691388,0.0068676656046188335,0.23174605391124922,5000
0.3511722917453943,0.5845541283497053,0.007466119357683526,0.23184991340452635,20000
