a,b,s,v_mem,iter_num
0.2,0.2,0.01,0.2,5000
1.1444509880647917,4.2138481483165675,0.04548165322940064,0.7115621676695151,5000
0.7937591576532053,2.1048137218839074,0.004663290863219252,0.6092490831010721,5000
0.8559456888594589,2.4790103844098996,0.004919565125458046,0.6263764335457274,20000
