a,b,v_mem,iter_num
0.2,0.2,0.2,5000
0.4303729910124812,1.3653411638543642,0.08951833450251896,5000
0.08853643904283685,0.28749654695613025,0.07090195969896303,5000
0.09315876881225608,0.3161691061149415,0.07850938482183595,20000
