a,b,sigma_fg_normed,v_mem,iter_num
0.2,0.2,0.01,0.2,5000
1.415237148608834,1.8112959805353281,0.2052533344482219,0.7471926422106965,5000
1.4355672855239803,2.44199054194392,0.20957127295907257,0.9165064970927701,5000
1.3918554586406786,2.35064135050378,0.20341155323504345,0.8588092538595918,20000
