a,b,s,v_mem,iter_num
0.2,0.2,0.01,0.2,5000
1.1180558521215185,3.751405938054646,0.04188103289156619,0.6701885864661832,5000
1.0878533563913495,3.1084381916232977,0.0051610945540496965,0.803497474928574,5000
0.8950963596323821,2.716462773259735,0.004140560317234238,0.6786740342184611,20000
