a,b,sigma_fg_normed,v_mem,iter_num
0.2,0.2,0.01,0.2,5000
0.7933337479908049,1.5045296714682395,0.14370780166982985,0.5716527830847337,5000
0.8898443182303454,1.9495286636654807,0.12559219407953465,0.5592793407465246,5000
0.8563504009666912,1.9107330704870586,0.1274881948281544,0.5322441708251551,20000
