a,b,s,v_mem,iter_num
0.2,0.2,0.01,0.2,5000
1.5439215450454324,4.787605973855701,0.04150520277671449,0.6876338300503092,5000
0.8524538694131373,2.171268380211533,0.0064664388558521545,0.5699389474713199,5000
0.8995733438958587,2.659225154250022,0.00599171027268543,0.6647100512768678,20000
