a,b,s,v_mem,iter_num
0.2,0.2,0.01,0.2,5000
0.352036532203177,0.5679507539004045,0.006795718130650793,0.22292865618688323,5000
0.3388784992145231,0.5284110689388766,0.007415551151012787,0.2165429690280264,5000
0.35099484453972013,0.5615359774927785,0.007176993913141964,0.21519904730290848,20000
