a,b,sigma_fg_normed,v_mem,iter_num
0.2,0.2,0.01,0.2,5000
0.34316577688553657,0.6674137233016524,0.07390415674464774,0.2258710091795816,5000
0.3711548099261819,0.7094816295332724,0.055674908125642374,0.2224208070223474,5000
0.37833123446193817,0.7429601729545865,0.056328503336422864,0.21619710228863775,20000
