a,b,s,v_mem,iter_num
0.2,0.2,0.01,0.2,5000
1.2070532283957085,1.8834804214396674,0.030079389512421492,1.311176417488639,5000
1.676713500578513,2.383635311189725,0.015792359995746692,1.3342122604375903,5000
1.499966599441449,2.1477320474213717,0.015405980064181198,1.2450502700683896,20000
