a,b,s,v_mem,iter_num
0.2,0.2,0.01,0.2,5000
0.3596037271089875,0.6155513491549607,0.007192247526167057,0.2205530252831071,5000
0.33223042309174794,0.5653430604936194,0.007100998198205209,0.22507192384893127,5000
0.3533947152279845,0.6234078801577803,0.007119091450122309,0.21214362994157177,20000
