a,b,sigma_fg_normed,v_mem,iter_num
0.2,0.2,0.01,0.2,5000
1.2537299746790571,1.8918756590566577,0.08783776729314985,0.767410877532764,5000
1.2742413865102855,2.190425111309106,0.13671093187220548,0.7734532476658572,5000
1.2135213749544453,2.18674329138081,0.14470602140675518,0.7786137880012932,20000
