a,b,v_mem,iter_num
0.2,0.2,0.2,5000
0.11393394829036443,0.1764345741684993,0.07772233067143328,5000
0.10425430323875405,0.1648344774334588,0.07739394587945932,5000
0.10595153562836751,0.16468081309373428,0.07823785915624672,20000
