a,b,s,v_mem,iter_num
0.2,0.2,0.01,0.2,5000
1.195888375946651,3.568643254100456,0.04927705684848272,0.6222534999350958,5000
1.0950947916869647,3.0547374051630847,0.006578964823569034,0.7586440522013103,5000
1.0399502683002309,2.715197369798566,0.0061730662626830165,0.6184637725561697,20000
