a,b,s,v_mem,iter_num
0.2,0.2,0.01,0.2,5000
0.3576222930479021,0.6579282967465221,0.007146391254399812,0.22976075816405872,5000
0.3655474915494337,0.6597153850713389,0.006925678139283186,0.22317784776436528,5000
0.3714854228072798,0.6548692575951068,0.00686088703591602,0.23221145186325487,20000
