a,b,sigma_fg_normed,v_mem,iter_num
0.2,0.2,0.01,0.2,5000
0.7984037908968528,1.5382001080058345,0.14256674851655646,0.5846255147525509,5000
0.8153787603479578,2.106942835418682,0.14560748312126912,0.5885971450764081,5000
0.7628666901870804,1.8932824355053257,0.13279830782507396,0.5659624482924447,20000
