a,b,sigma_fg_normed,v_mem,iter_num
0.2,0.2,0.01,0.2,5000
0.632948824066091,1.5880469144463198,0.17090004534908354,0.47159468337940963,5000
0.8213927952472148,1.680742234621602,0.13972309286684173,0.4692070375454388,5000
0.8097399477830921,1.5082619359480243,0.12565849519999675,0.5038192250073864,20000
