a,b,sigma_fg_normed,v_mem,iter_num
0.2,0.2,0.01,0.2,5000
1.120357831452362,1.7357196794366145,0.09301036216208611,0.7906557667256691,5000
1.1730782796009565,2.5241778079202066,0.1869519874743135,0.8024847151354605,5000
1.265685937655328,2.5650051492017494,0.16812339025537767,0.864104463284863,20000
