a,b,s,v_mem,iter_num
0.2,0.2,0.01,0.2,5000
1.3487570633789683,4.4477145553212685,0.04824534887876889,0.6251537946901085,5000
1.0689377305742287,2.805183800361122,0.004682758003111466,0.7456649059565835,5000
0.8722287269999983,2.3786512895800023,0.005393328296739432,0.6624530812999133,20000
