a,b,s,v_mem,iter_num
0.2,0.2,0.01,0.2,5000
0.5898825931714249,1.0018625495018345,0.01400250736719332,0.4533526565457313,5000
0.663147531939524,1.153027740094554,0.01403212289001537,0.4508020220484507,5000
0.7168700368436514,1.2248513113012538,0.013903272279998848,0.44359203238094885,20000
