a,b,v_mem,iter_num
0.2,0.2,0.2,5000
0.11433094498329358,0.17093128961098428,0.08570567900798844,5000
0.10029937333129454,0.15111965727470042,0.07520087582334396,5000
0.09995208713687348,0.1475726816486471,0.07842099777682873,20000
