a,b,sigma_fg_normed,v_mem,iter_num
0.2,0.2,0.01,0.2,5000
0.6922062025570497,1.3262366132170256,0.11692389201015331,0.4055109725940553,5000
0.6508733610710513,1.462233157663199,0.10751323439139049,0.42290878818118105,5000
0.6641232709074764,1.3450833737997796,0.10601905016169702,0.42332349100167943,20000
