a,b,s,v_mem,iter_num
0.2,0.2,0.01,0.2,5000
1.4269430959859921,4.472675196294315,0.04689671019374895,0.6549813854434193,5000
1.0990112606624638,2.7010142528783727,0.00693816403145333,0.6861975785843604,5000
1.034144549165139,2.847660732854887,0.007082779643116964,0.6562769217616553,20000
