a,b,sigma_fg_normed,v_mem,iter_num
0.2,0.2,0.01,0.2,5000
0.3546120622644647,0.6755526621582674,0.06458189590183504,0.22094161604021903,5000
0.3716029056731352,0.7521472049697208,0.05894212130704275,0.2371507926810145,5000
0.3465759872989534,0.7136473991294877,0.05529383917658759,0.24743449908085868,20000
