a,b,s,v_mem,iter_num
0.2,0.2,0.01,0.2,5000
0.33156100258810633,0.5755486745730416,0.007134766346787569,0.23046982106622163,5000
0.3136277793267695,0.5921743204774753,0.007051701588682243,0.2406852910636337,5000
0.334724639771665,0.5992510506363956,0.006976056454584876,0.21797543009943798,20000
