a,b,sigma_fg_normed,v_mem,iter_num
0.2,0.2,0.01,0.2,5000
0.7648016590368217,2.2984864198345694,0.24673067721756847,0.5902828623574263,5000
0.8145145789869979,1.9617609030502579,0.12832086803014633,0.5865828497307061,5000
0.8143161608849826,1.9726045740467986,0.1253325587091423,0.5502209441593157,20000
