a,b,sigma_fg_normed,v_mem,iter_num
0.2,0.2,0.01,0.2,5000
0.6912888962150924,1.2953407305872724,0.0729773908766812,0.41302934812162745,5000
0.6933484661015916,1.4245533092899993,0.08967273661136524,0.44940795785572,5000
0.6666323846203419,1.3446279369793976,0.08829735047277304,0.44745184986013525,20000
