a,b,s,v_mem,iter_num
0.2,0.2,0.01,0.2,5000
1.4078419313500923,2.180124567357471,0.03208078140807281,1.5246347832975506,5000
1.5829550455399433,1.9522910627807457,0.015487972268951152,1.1443697796935546,5000
1.506402427126881,1.886949337578436,0.015492599666169183,1.1094821976982858,20000
