a,b,s,v_mem,iter_num
0.2,0.2,0.01,0.2,5000
1.403104152686053,2.3119737700814893,0.03356487508543308,0.982040821551636,5000
1.530531936357432,2.1170081905245253,0.014966225361104719,1.1312157680944381,5000
1.350929167427048,1.8531922686038562,0.01535786260989959,1.124978269665985,20000
