a,b,s,v_mem,iter_num
0.2,0.2,0.01,0.2,5000
0.7186208773085251,1.2237875329573664,0.01378191531564331,0.4381438723264844,5000
0.7227286955905444,1.1883182342448726,0.013644257915479411,0.4925544101894424,5000
0.6996571003672979,1.2362683752025196,0.013309144894441377,0.44833286337345823,20000
