a,b,sigma_fg_normed,v_mem,iter_num
0.2,0.2,0.01,0.2,5000
2.413153171514263,3.9459765716718995,0.1379314729701109,0.7733084981272614,5000
1.781443861999039,3.1053656715756808,0.19047400281106297,1.0041890050990583,5000
1.6425422149826636,2.9994038772258307,0.1982439654166201,0.941613916431065,20000
