a,b,sigma_fg_normed,v_mem,iter_num
0.2,0.2,0.01,0.2,5000
0.9215298776887932,2.3882521451427645,0.11734002743076602,0.5623211264343516,5000
0.8011558373815985,2.1123311688472706,0.14464267359766583,0.6505535613412649,5000
0.8614882653438019,2.179454651437995,0.15282401817873967,0.664982863701311,20000
