a,b,s,v_mem,iter_num
0.2,0.2,0.01,0.2,5000
0.3628920605101268,0.5917982713231097,0.007063595161918732,0.21783185282147471,5000
0.34225362912763196,0.5658061224588957,0.006912232903219918,0.22835813772695288,5000
0.3890944341801728,0.6627478662912162,0.007280388662810422,0.22185081036523552,20000
