a,b,sigma_fg_normed,v_mem,iter_num
0.2,0.2,0.01,0.2,5000
0.6846536249622539,1.2956573428634792,0.09342624043919208,0.5772550256064904,5000
0.8269916992225844,1.9631922990027109,0.12354080327730985,0.5732209995481685,5000
0.878810778985756,1.969562958639572,0.11672575983844556,0.5833238134745813,20000
