a,b,s,v_mem,iter_num
0.2,0.2,0.01,0.2,5000
2.0729992811864935,3.228989039072036,0.0300403358926163,1.3829615465176814,5000
1.484333932444079,1.8579506159525025,0.014857784256882129,1.212785872970613,5000
1.6458217362062446,2.105525606988736,0.01475548893834481,1.218203824811918,20000
