a,b,s,v_mem,iter_num
0.2,0.2,0.01,0.2,5000
1.725384017156003,2.5420487984662388,0.026691536425771628,1.1869388625612698,5000
1.4773490032699876,1.9137694404768162,0.016003760246289703,1.1150050266959601,5000
1.4997952430913875,1.9945028936597888,0.016107049584601827,1.1412348364024905,20000
