a,b,sigma_fg_normed,v_mem,iter_num
0.2,0.2,0.01,0.2,5000
0.9151895620570167,1.9461755747904819,0.15740980804753313,0.621631890423618,5000
0.8642855620656705,1.9549392743833491,0.15227520473164083,0.5792149196510111,5000
0.8960250048067518,2.0234253646231646,0.14175431574829062,0.5725626708937274,20000
