a,b,sigma_fg_normed,v_mem,iter_num
0.2,0.2,0.01,0.2,5000
0.35784387115895544,0.7135325201306454,0.060778544191685296,0.23167642854898204,5000
0.3650670152119127,0.780489982392172,0.06062183877558131,0.24412201022802837,5000
0.3568155336433739,0.7206023546890984,0.05453975328559328,0.2432691191562708,20000
