a,b,s,v_mem,iter_num
0.2,0.2,0.01,0.2,5000
0.6854166774379248,1.1642066575848473,0.013969299406826202,0.4830675455040224,5000
0.7469314388729061,1.1454708920338577,0.013808937934777379,0.44110744010023395,5000
0.7179034312365803,1.1627961855379474,0.014077847935308703,0.43646048908098817,20000
