a,b,sigma_fg_normed,v_mem,iter_num
0.2,0.2,0.01,0.2,5000
0.40295149538595704,0.9117018187012556,0.07477464237381104,0.30342945789441544,5000
0.39412720689267755,0.9357064061900393,0.06499646168060516,0.29345884008971207,5000
0.42396120424752987,1.0137653584912654,0.06742146762872847,0.2793228444122067,20000
