a,b,s,v_mem,iter_num
0.2,0.2,0.01,0.2,5000
0.7837781856878577,1.3805035317673173,0.014251948005728425,0.45300555687203875,5000
0.6639603277603585,1.22955716140544,0.014179633126230716,0.4315837764264963,5000
0.7421989923464786,1.3160522954714415,0.01357868703430182,0.44631960627569245,20000
