a,b,sigma_fg_normed,v_mem,iter_num
0.2,0.2,0.01,0.2,5000
0.42010825785788053,0.7818492097938613,0.06837513599077456,0.22255013975325552,5000
0.36925431532642256,0.7118236691020849,0.05731046038937688,0.23513875127494144,5000
0.38915026545646136,0.6908344621534404,0.0583523967036846,0.21761040029662243,20000
