a,b,s,v_mem,iter_num
0.2,0.2,0.01,0.2,5000
0.7674047910021037,1.3839980909594753,0.014815506368411026,0.423304442661961,5000
0.7049862529248009,1.242851535708166,0.013645074603718412,0.4617067825830379,5000
0.7029124152006019,1.2793091604978888,0.013998226656387194,0.47740208576597803,20000
