a,b,s,v_mem,iter_num
0.2,0.2,0.01,0.2,5000
1.4257940044038375,2.3439585927435873,0.027411969991645333,1.3094249393639017,5000
1.5641414248996337,2.042867938134119,0.015502028075297485,1.137379461965752,5000
1.625007168494928,2.198541980006135,0.016064761052774625,1.2033758012597513,20000
