a,b,sigma_fg_normed,v_mem,iter_num
0.2,0.2,0.01,0.2,5000
1.4074125608390573,2.1870084320744057,0.1801362068081129,0.8864075916886033,5000
1.3122191761027915,2.483529871725306,0.2317953426541372,0.9138882142339297,5000
1.3018976606214268,2.3302768689470432,0.21278358969879335,0.9141813268621846,20000
