a,b,sigma_fg_normed,v_mem,iter_num
0.2,0.2,0.01,0.2,5000
1.492623550667791,1.8890784811683667,0.1728404013923736,0.9991793393181614,5000
1.601953131918451,3.07227488668366,0.24407694993674478,0.9513737677981001,5000
1.4560645547723052,2.6848032715136094,0.22298334963006933,0.9592427773910123,20000
