a,b,v_mem,iter_num
0.2,0.2,0.2,5000
0.1068829158205368,0.15875660425597232,0.0814022041861576,5000
0.11484316052854654,0.17186305680706096,0.07755125888370507,5000
0.10656693549954367,0.16148209148699133,0.07944820182832481,20000
