a,b,sigma_fg_normed,v_mem,iter_num
1.0,1.0,0.01,1.0,100
0.23746221453179442,0.7303733528792247,0.015259199740966588,0.4298619936453955,100
0.5715409806807957,0.9906198715069761,0.07393793010065221,0.4612431615006834,100
0.7102963597386445,1.4118930015667766,0.0951263793864573,0.43276501424541225,100
0.8195955746115917,1.5309398139211072,0.0863547759452309,0.3830584024422494,100
0.7585961671895375,1.670445161949133,0.12283317092256907,0.39955376469532,2000
