a,b,sigma_fg_normed,v_mem,iter_num
0.2,0.2,0.01,0.2,5000
0.9096080371667185,1.7077143286009315,0.08818588444767689,0.453352827638614,5000
0.827989511601011,1.7027011025529077,0.1072331622289053,0.45524373631962195,5000
0.8583714321512755,1.65963951453147,0.10487926766380389,0.5080956194833658,20000
