a,b,s,v_mem,iter_num
0.2,0.2,0.01,0.2,5000
0.34547079384293555,0.5615101946350248,0.006968004409699777,0.22703251613261324,5000
0.3616959094074969,0.5828125144405765,0.0070756461266349106,0.22034784205368702,5000
0.3317586880812673,0.5710730978896503,0.007013305843044909,0.219469673820762,20000
