a,b,sigma_fg_normed,v_mem,iter_num
0.2,0.2,0.01,0.2,5000
0.9590344218779284,2.368522254327257,0.11305835829606554,0.5410998843415227,5000
0.8254241204914735,1.8075118648278536,0.11288211362713206,0.5437717042169941,5000
0.8182354494697344,1.8182909518785073,0.11695890918741836,0.5571180844098224,20000
