a,b,sigma_fg_normed,v_mem,iter_num
0.2,0.2,0.01,0.2,5000
0.37652408073666566,0.7605802977408497,0.06466773546706492,0.24251199941329543,5000
0.3617400416862559,0.7337911629324132,0.05741152116255247,0.22211907165490938,5000
0.3477725157873688,0.6364819134356383,0.05193581187439632,0.22515487129828238,20000
