a,b,sigma_fg_normed,v_mem,iter_num
0.2,0.2,0.01,0.2,5000
0.7082474226781335,1.8739381118159946,0.09168902463348236,0.5584712600028428,5000
0.9065818956827422,2.154791636015452,0.1356892089335411,0.6026568887573348,5000
0.8729421779701588,2.00556603064291,0.12663540177357768,0.5866433115256409,20000
