a,b,s,v_mem,iter_num
0.2,0.2,0.01,0.2,5000
0.703119853210638,1.209776951975656,0.014364232099037397,0.4529192785763817,5000
0.7061679759656888,1.1972185504215451,0.014638685818005846,0.4213182282036767,5000
0.6734835984311988,1.1098192754353948,0.013758314039378803,0.45805015661116405,20000
