a,b,v_mem,iter_num
0.2,0.2,0.2,5000
0.4183626964139726,1.376749783894244,0.08654261070255569,5000
0.08470109987934037,0.2939798446839911,0.07395243488772699,5000
0.09388757005282648,0.3351029265677248,0.06886689615615676,20000
