a,b,sigma_fg_normed,v_mem,iter_num
0.2,0.2,0.01,0.2,5000
0.5731385473475596,1.206638615450559,0.08533542150542518,0.472309578665538,5000
0.6175767907992167,1.3349793580301565,0.1110864695902409,0.4091048121834214,5000
0.6191530226308264,1.4183324077166957,0.11611105113346748,0.4397866352450114,20000
