a,b,sigma_fg_normed,v_mem,iter_num
0.2,0.2,0.01,0.2,5000
0.6289099318947821,1.7350339854306944,0.13110489869240868,0.579263941391059,5000
0.837398524762654,1.9084506797446017,0.1329003648631105,0.5493548516077773,5000
0.8498713313159981,2.0737787849779936,0.13750677268888084,0.5811629996195078,20000
