a,b,sigma_fg_normed,v_mem,iter_num
0.2,0.2,0.01,0.2,5000
0.7976493916432252,1.7551967304918419,0.0987752002860016,0.5539235134442446,5000
0.8921811231007194,1.9397593276601528,0.12695215943722854,0.5798118852400252,5000
0.8847083130196138,1.9150339723347143,0.12592583095589616,0.5874647642673029,20000
