a,b,s,v_mem,iter_num
0.2,0.2,0.01,0.2,5000
0.3371987063328544,0.5761393328978313,0.007064517746533261,0.24722466766812168,5000
0.352133733705666,0.5905806283475206,0.007442416983920905,0.23963744611473037,5000
0.35081142823822753,0.5934420321456109,0.007071184612095819,0.23129956342303734,20000
