a,b,s,v_mem,iter_num
0.2,0.2,0.01,0.2,5000
0.2907848212694087,0.48613396246979296,0.006664529538606293,0.21022338498982254,5000
0.32045501369866525,0.5406697538766945,0.006627845350240779,0.21331767061233445,5000
0.3531542223858184,0.5883697233865035,0.007057689581244581,0.2098476355481837,20000
