a,b,sigma_fg_normed,v_mem,iter_num
0.2,0.2,0.01,0.2,5000
0.7647903217069754,1.3858643661263372,0.08551872110261113,0.4574025420612694,5000
0.6644668897673878,1.390946027659095,0.09201724767282143,0.4211923671588624,5000
0.6699465382290076,1.5065352418723512,0.10467347165744659,0.43399540219917787,20000
