a,b,sigma_fg_normed,v_mem,iter_num
0.2,0.2,0.01,0.2,5000
0.36984345874161567,0.7427745637514324,0.06672277421656855,0.22693732130366276,5000
0.33563803720383273,0.6073190851585782,0.05399125199317098,0.22354817373197228,5000
0.3386489839227446,0.621358235165937,0.05449860369055198,0.23044491000418807,20000
