a,b,sigma_fg_normed,v_mem,iter_num
0.2,0.2,0.01,0.2,5000
1.007357743478939,1.5370101024074923,0.09693556244078078,0.8399680300396521,5000
1.2878828230160115,2.4349029312786565,0.14895573401567191,0.7832018609117422,5000
1.3857800549185868,2.4553657169358583,0.1589464337684882,0.922120948982758,20000
