a,b,s,v_mem,iter_num
0.2,0.2,0.01,0.2,5000
1.592110920195773,2.346484561933292,0.029818187212003872,1.2336698277284024,5000
1.5747815259082754,2.132344411587815,0.015420918826823385,1.1348751788777443,5000
1.6827302456614,2.2116384765157195,0.016569160656612552,1.2375646549022037,20000
