a,b,s,v_mem,iter_num
0.2,0.2,0.01,0.2,5000
1.6091695170518217,4.694786583588982,0.045083224842370186,0.682275247043604,5000
0.9392283179547798,2.7083462179587285,0.007762610675179576,0.6195358371320265,5000
0.9134896965442573,2.6161354515151887,0.007831692501401512,0.6618902869662295,20000
