a,b,sigma_fg_normed,v_mem,iter_num
0.2,0.2,0.01,0.2,5000
0.7819523659557543,1.4958179651420949,0.1380688307692125,0.5180569669373144,5000
0.7677609596879926,1.359792942503557,0.11229434618034423,0.4656412698923624,5000
0.8080378157633697,1.4305969648801244,0.11398575593200788,0.47039267542116286,20000
