a,b,s,v_mem,iter_num
0.2,0.2,0.01,0.2,5000
0.6771473980139063,1.1257498942548945,0.014420802346355814,0.4407809389183187,5000
0.7882465028981279,1.252141348559711,0.014029309639478302,0.44616311804848113,5000
0.7198909019646639,1.2257602236186766,0.015237895333952907,0.4396311837045735,20000
