a,b,s,v_mem,iter_num
0.2,0.2,0.01,0.2,5000
0.33122620012872334,0.5908362204162683,0.0069365607129330395,0.22672212947087342,5000
0.34097505034103326,0.6083991556275025,0.007409917499630203,0.24382584524453046,5000
0.35788100237239556,0.6171981895940669,0.006733768851643793,0.24099890624201273,20000
