a,b,s,v_mem,iter_num
0.2,0.2,0.01,0.2,5000
0.6612696460917753,1.206802276289383,0.014044276607163229,0.44232403524614056,5000
0.7387459759106935,1.2411440966920917,0.0134340732426458,0.3882608764508361,5000
0.6373033468199985,1.1072370597776189,0.012839696192427294,0.45551850441946523,20000
