a,b,s,v_mem,iter_num
0.2,0.2,0.01,0.2,5000
1.7630690804885163,2.6604972117514443,0.029125159174717006,1.1069509800073971,5000
1.5862145591416894,2.1972359049422883,0.01567904366450559,1.209049845925774,5000
1.4722734867587093,2.0335843370216478,0.015295510275341121,1.084075255815412,20000
