a,b,s,v_mem,iter_num
0.2,0.2,0.01,0.2,5000
1.6916341550975427,5.057792119779643,0.04898207092566193,0.6429363977336962,5000
1.0547951138985021,2.5003098457952877,0.009067659053533215,0.6112141049008613,5000
1.0726735237572826,2.712496233091355,0.008762464629400113,0.6103512743239478,20000
