a,b,s,v_mem,iter_num
1.0,1.0,0.01,1.0,1000
0.7872234548170648,2.2065878024762973,0.08554150164089404,0.7830276622826615,1000
0.7336181206686133,1.777996502517113,0.062389652666057165,0.6215409140506262,1000
0.7709677056018408,1.6619836525469969,0.051829698058397336,0.5624749828373621,1000
0.765465756356169,1.6000117687417676,0.045657276394191086,0.5254337381238713,1000
0.7337137012131696,1.50897814833208,0.041501786109100526,0.5059699986642817,20000
