a,b,s,v_mem,iter_num
0.2,0.2,0.01,0.2,5000
0.6439747436560712,0.9905106546714414,0.013683621000655939,0.4408116812636953,5000
0.734207892091126,1.1245978195676727,0.013603734174443799,0.4553231538683797,5000
0.7353928502553136,1.1377066615940965,0.014724926266112456,0.4322294570989333,20000
