a,b,s,v_mem,iter_num
0.2,0.2,0.01,0.2,5000
1.5788179856698747,2.3545203887763346,0.029919892199594903,0.9484241931276883,5000
1.4733377538835355,1.8561802976904984,0.015166363039922751,1.1126806266486504,5000
1.512477432892253,1.9902667200665736,0.014173296968229183,1.096283032659639,20000
