a,b,s,v_mem,iter_num
0.2,0.2,0.01,0.2,5000
1.479984733635788,2.1380516503829163,0.03370257783340651,1.0286375242372054,5000
1.5672686297443779,2.2448263946715783,0.015564030495570433,1.013681626547867,5000
1.6486144905859808,2.206422285611151,0.01540120100069364,1.0431212703653123,20000
