a,b,sigma_fg_normed,v_mem,iter_num
0.2,0.2,0.01,0.2,5000
0.713854457580396,1.2748312766247176,0.12119104214964405,0.4257812604170567,5000
0.7588380314357864,1.3592336459023844,0.10685942737387256,0.44587131666060104,5000
0.7041103313572358,1.271231127618802,0.10047587337451479,0.40102640515392657,20000
