a,b,sigma_fg_normed,v_mem,iter_num
0.2,0.2,0.01,0.2,5000
0.6361316385280057,1.0943147471631838,0.1172062969355345,0.4282597442312949,5000
0.713340091562198,1.4243550932699123,0.10400478901009037,0.46105800772455163,5000
0.6950023794562559,1.422667868185772,0.10396729973400642,0.4078305950724941,20000
