a,b,v_mem,iter_num
0.2,0.2,0.2,5000
0.1605267247957399,0.24439233234056149,0.11198518607162734,5000
0.1495699839283772,0.21819571854428874,0.11512945433003663,5000
0.15657776322583006,0.23161061067262279,0.10478286851197043,5000
0.1528442630683459,0.21818056834846325,0.11251497043347303,20000
