a,b,sigma_fg_normed,v_mem,iter_num
0.2,0.2,0.01,0.2,5000
1.0795569357269543,1.3022609588507137,0.12469513118853842,1.0077884004103683,5000
1.4493630173683782,3.2754603032971,0.2151443094943022,0.9618235118956326,5000
1.4411435909028538,3.1947612540215813,0.19717689197658414,0.9741967912266617,20000
