a,b,v_mem,iter_num
0.2,0.2,0.2,5000
0.31510210558552626,0.48689319311253065,0.24978471570950925,5000
0.3301663078006739,0.49166404013535,0.2547323126048531,25000
