a,b,sigma_fg_normed,v_mem,iter_num
0.2,0.2,0.01,0.2,5000
1.427419287501056,2.7951724648513716,0.14715346870064738,0.858380818243509,5000
1.2964063780991568,2.4527439371875595,0.1741873208496963,0.8456945033580876,5000
1.323826148324731,2.940850749885965,0.21471191737580347,0.7852012698766789,20000
