a,b,s,v_mem,iter_num
0.2,0.2,0.01,0.2,5000
0.6865261256856664,1.0953783276341404,0.013622100158551264,0.4618251039395044,5000
0.7773237524865401,1.2706392223814842,0.014837729922006744,0.4703407991654363,5000
0.7092354023155398,1.142164429146374,0.014372282097840902,0.47507736273009366,20000
