a,b,sigma_fg_normed,v_mem,iter_num
0.2,0.2,0.01,0.2,5000
0.7267054908828652,1.5358749758612666,0.11348243297329709,0.5538673380467682,5000
0.8490579796951924,1.848411250669997,0.12545921324555245,0.5583978103653059,5000
0.8383464870772316,1.8615945040257307,0.11574427361516305,0.5358801172886216,20000
