a,b,sigma_fg_normed,v_mem,iter_num
0.2,0.2,0.01,0.2,5000
2.0199502262685973,2.8271769109869895,0.14519287405400566,0.9289761710624934,5000
1.3751646466412204,2.366362535189416,0.19962651598800707,0.9089089826297616,5000
1.394931791367502,2.456552666640517,0.2119984642668523,0.8915040532285954,20000
