a,b,sigma_fg_normed,v_mem,iter_num
0.2,0.2,0.01,0.2,5000
0.7560299168863748,1.9977605017377862,0.11506426375361924,0.55834660247999,5000
0.8787477638924078,2.1529586996472188,0.13159979994166215,0.5787284766764685,5000
0.8597558666561738,2.0516447794050467,0.12551339300962525,0.5775364446620924,20000
