a,b,s,v_mem,iter_num
0.2,0.2,0.01,0.2,5000
1.33287093084621,2.02550388735625,0.033633181324257015,1.3395913756263673,5000
1.4509725196018048,1.855410622889385,0.015696166970888183,1.1436544063631073,5000
1.461845206742439,1.8502980443181938,0.014742631257264811,1.093731614275219,20000
