a,b,sigma_fg_normed,v_mem,iter_num
0.2,0.2,0.01,0.2,5000
0.7715099890131978,1.8612827549793582,0.1542600702202129,0.5888766753984853,5000
0.862554069629949,2.1903470139284082,0.14384609640023527,0.5635888044300099,5000
0.8814771100520937,1.986090865070421,0.13249114656265587,0.5722577783063914,20000
