a,b,s,v_mem,iter_num
0.2,0.2,0.01,0.2,5000
0.7393274768304804,1.3001291702676012,0.013333592396409313,0.42035204115276115,5000
0.7368857598185967,1.2910749799842554,0.013029659198239415,0.4488177946970738,5000
0.6470287681564348,1.0691211655020798,0.013688347552510617,0.41999647638378285,20000
