a,b,sigma_fg_normed,v_mem,iter_num
0.2,0.2,0.01,0.2,5000
0.44208235399060025,0.9468372920052696,0.06739805346542592,0.28427018809919813,5000
0.4517330498378478,1.0617819021813664,0.06324946380195298,0.28923267949653647,5000
0.4309142289538799,0.9934134776059078,0.06594749495964114,0.31944848603987847,20000
