a,b,s,v_mem,iter_num
0.2,0.2,0.01,0.2,5000
0.7258371070804268,1.1291691316368024,0.014455372421213298,0.4613395424373102,5000
0.8076151620920773,1.332699631025431,0.014461008392797405,0.5063333920118385,5000
0.749943710139619,1.2861458313424095,0.013586362984418232,0.48559433205313157,20000
