a,b,sigma_fg_normed,v_mem,iter_num
0.2,0.2,0.01,0.2,5000
0.3915195164217837,1.0689649512384316,0.07590059451541786,0.2994086150531289,5000
0.44039689464559106,1.1288862259211805,0.0695311965001247,0.295466658725717,5000
0.43181547159454037,1.0219026649194105,0.06526739926104556,0.31663980553236015,20000
