a,b,s,v_mem,iter_num
1.0,1.0,0.01,1.0,100
1.1192282288549518,2.8143504363529375,0.06810274993820803,0.6989162056548396,100
1.460161553116644,2.2687057409398528,0.15124078900613094,0.678357152115444,100
1.236451143060664,1.9643109006467399,0.13920466129644835,0.6582577589502134,100
1.124633437007056,1.960419586743202,0.1290365757419744,0.5776777090666517,100
1.0917913296574746,1.9036078720239278,0.12127105306023539,0.5880108679720851,200
