a,b,s,v_mem,iter_num
0.2,0.2,0.01,0.2,5000
0.8403870996911991,1.438066690486475,0.013555911608365995,0.48896636203515487,5000
0.8242830193244355,1.3608635672164129,0.013511473281585154,0.46625156107095417,5000
0.8853809061465104,1.4388756223964507,0.013940240198305948,0.48185639495599814,20000
