a,b,v_mem,iter_num
0.2,0.2,0.2,5000
0.10530350047535623,0.1612758238183729,0.07994571300982493,5000
0.10563183712973302,0.16058996089222943,0.08029552297014199,5000
0.10848934769328121,0.1691107972727307,0.07385525704752668,20000
