a,b,s,v_mem,iter_num
0.2,0.2,0.01,0.2,5000
0.38118322606729793,0.6231391246338787,0.007194262855745349,0.23087146838208494,5000
0.39578749573548744,0.6301502499315824,0.00684833805186374,0.2155537342215034,5000
0.3553692016686209,0.6172094700004928,0.0075505170271158994,0.224529616763778,20000
