a,b,sigma_fg_normed,v_mem,iter_num
0.2,0.2,0.01,0.2,5000
0.359356973098139,0.7223412613137303,0.0588151030238442,0.24235613939740935,5000
0.34274258757166826,0.6944944276370674,0.04768041879942344,0.21140551245218525,5000
0.34633212009514663,0.7133534886468795,0.052328868378840904,0.21777349206322308,20000
