a,b,s,v_mem,iter_num
0.2,0.2,0.01,0.2,5000
1.3911694830745498,4.531265387754965,0.046703223336962134,0.675753152078708,5000
0.7663242913496228,2.129213610443577,0.004218529002966926,0.5706460518372883,5000
0.8450117796977452,2.3715481402206398,0.0045882293293575,0.6309733723788525,20000
