a,b,sigma_fg_normed,v_mem,iter_num
1.0,1.0,0.01,1.0,1000
0.8124854889225097,1.3853434698779385,0.04906899998069065,0.5399376511034869,1000
0.8083192966344538,1.632161994810903,0.10544929408303692,0.5759727333541924,1000
0.8773340885949538,1.9909729759244033,0.12239649180263833,0.5870314900232155,1000
0.9357458595525511,2.0200998355385495,0.12010387748136828,0.5961359183136575,1000
0.9253794997658086,2.0238987029852074,0.13878401591463685,0.594872918840546,20000
