a,b,s,v_mem,iter_num
0.2,0.2,0.01,0.2,5000
0.7778427226265656,1.3186544296370117,0.014067359510962489,0.45240490840146025,5000
0.6790934026573151,1.1289537307660034,0.013064919334562143,0.4976243605303647,5000
0.7075385642485109,1.1823917030222224,0.014042481740922182,0.45914998362703874,20000
