a,b,s,v_mem,iter_num
0.2,0.2,0.01,0.2,5000
0.6111060054321497,0.9269304535536018,0.013631316853203282,0.4479172260896965,5000
0.7131666686250563,1.202140244411843,0.013580103187511815,0.4400077781412809,5000
0.662718404600213,1.1114260585412088,0.013613035751806859,0.43214526102460044,20000
