a,b,sigma_fg_normed,v_mem,iter_num
0.2,0.2,0.01,0.2,5000
0.7186994876124356,1.0737189772633415,0.0826435944356103,0.4553084684415641,5000
0.6859544163450478,1.4893061617315673,0.10972751557114417,0.43596475045859706,5000
0.7337137395495659,1.5459991407486502,0.10808331306377518,0.4542142425373316,20000
