a,b,s,v_mem,iter_num
0.2,0.2,0.01,0.2,5000
1.2143430658907461,1.7649158417984874,0.032067105406140314,1.1534991557563978,5000
1.6250129004742409,2.1768267745829886,0.016141868878528007,1.2711940177481345,5000
1.5571254525094784,2.139274643675746,0.014702917211480785,1.2716815334323703,20000
