a,b,sigma_fg_normed,v_mem,iter_num
0.2,0.2,0.01,0.2,5000
0.690933936653036,1.0498551951844433,0.06545938847724501,0.4481424536142581,5000
0.7122814463779007,1.2993350658434972,0.10142507689947888,0.4643135712514573,5000
0.7837589937565179,1.3156605542665636,0.10799416994074944,0.4316024288960022,20000
