a,b,s,v_mem,iter_num
0.2,0.2,0.01,0.2,5000
0.7568994502325226,2.760779012318136,0.052299821683433646,0.712248529290763,5000
0.8902207888233418,2.609995133116102,0.006419992907545454,0.6783364634935418,5000
0.9604098196550176,2.5789402094386458,0.005563254450366402,0.6093502620209482,20000
