a,b,sigma_fg_normed,v_mem,iter_num
0.2,0.2,0.01,0.2,5000
0.7671225825192671,1.4304430427913393,0.10700788261421698,0.550730234749412,5000
0.871181567942183,1.9395527439821998,0.12737290702196988,0.5865831313534761,5000
0.8512053516861232,1.9051169806560082,0.134536550680549,0.5938635474862667,20000
