a,b,s,v_mem,iter_num
0.2,0.2,0.01,0.2,5000
1.4324053914746189,4.563916771068183,0.046422227557096976,0.6611942558018863,5000
1.0611383748962409,2.7650557974060246,0.00709629809209425,0.598607411268886,5000
1.046721995414237,2.661365353424992,0.006566332377039297,0.6669026901024359,20000
