a,b,v_mem,iter_num
0.2,0.2,0.2,5000
0.15995177353997564,0.23891098451823237,0.11211791341361314,5000
0.14721996302920196,0.22107775956686712,0.12095687543030091,20000
