a,b,sigma_fg_normed,v_mem,iter_num
0.2,0.2,0.01,0.2,5000
1.3903900456926594,2.6227156224459485,0.2685414314267992,0.8911565675476254,5000
1.303597391188803,2.3409085549975113,0.22474277756422004,0.8687227117294305,5000
1.4307717170063647,2.272833244162714,0.18996152797690058,0.9178590928124346,20000
