a,b,s,v_mem,iter_num
0.2,0.2,0.01,0.2,5000
1.334702034601407,2.1270498681218317,0.03177468177560187,1.0045733854456553,5000
1.4202132241351997,1.7914879249950146,0.014931586309169912,1.0598474577547294,5000
1.4174328580314612,1.7488778161459644,0.014307062486358251,1.0617804523944412,20000
