a,b,sigma_fg_normed,v_mem,iter_num
0.2,0.2,0.01,0.2,5000
0.33880262688455254,0.7400260850072876,0.06907425335034319,0.2225885016112465,5000
0.3504877712134168,0.732551354428129,0.05703058154817964,0.22594200067000725,5000
0.3154398851308298,0.6799820233377499,0.05268750022072793,0.22065619513095677,20000
