a,b,sigma_fg_normed,v_mem,iter_num
0.2,0.2,0.01,0.2,5000
0.41301762954840476,0.9474850404112292,0.08416630704399533,0.29204385838661545,5000
0.4165242607204666,1.0346726305676262,0.0672300829815489,0.27808780405571293,5000
0.4350032741648625,1.1586279277002003,0.0740598083848853,0.29004846335995543,20000
