a,b,s,v_mem,iter_num
0.2,0.2,0.01,0.2,5000
1.476565967468465,4.913270400574495,0.043942934870103756,0.7547595026972976,5000
1.0174844327959776,2.9831834351241078,0.00590704918327909,0.5679869849290644,5000
1.1946050387897473,3.281062488440893,0.007285310566426355,0.6779871751802004,20000
