a,b,sigma_fg_normed,v_mem,iter_num
0.2,0.2,0.01,0.2,5000
0.7000936008806917,1.2056704161271463,0.08441698528478056,0.4022210262063078,5000
0.7136727306017606,1.3554452092350335,0.08615756980167846,0.4386095062189968,5000
0.7136650326930866,1.409974283318308,0.09675092797047258,0.43240604274813976,20000
