a,b,s,v_mem,iter_num
0.2,0.2,0.01,0.2,5000
0.6639077674982331,1.0834850891349102,0.014034752022745865,0.49442714495054985,5000
0.6958024266209382,1.201236274632284,0.013879887118508313,0.47594028386108317,5000
0.6776523396200982,1.1755854878130723,0.01411300959909742,0.4645447980213375,20000
