a,b,sigma_fg_normed,v_mem,iter_num
0.2,0.2,0.01,0.2,5000
0.3277985365960636,0.5992221273242134,0.05849689110089395,0.2180320340042344,5000
0.3625471467542404,0.7024878394247087,0.05207586188770589,0.22101272218299692,5000
0.35164904304765987,0.6700657694153566,0.0491475238495738,0.21962524368883568,20000
