a,b,sigma_fg_normed,v_mem,iter_num
0.2,0.2,0.01,0.2,5000
1.4636071071542898,1.6508699358317016,0.12877332397096775,1.001608042431082,5000
1.4131101555265098,2.723588507767081,0.21180589578804215,0.8575535584578227,5000
1.354397871439481,3.1308585842476337,0.23584370233671653,0.96604019174335,20000
