a,b,s,v_mem,iter_num
0.2,0.2,0.01,0.2,5000
1.119126131714106,3.382583444583759,0.047624158948245766,0.6026085501650764,5000
0.8275836542077228,2.448994195745302,0.006238797808842117,0.6058221411451488,5000
0.8895691554459059,2.4395451581895675,0.005870954554677187,0.5825989627452166,20000
