a,b,sigma_fg_normed,v_mem,iter_num
0.2,0.2,0.01,0.2,5000
0.41918834097234775,1.122672363667692,0.07001942378592153,0.2780539432974068,5000
0.3930243360377403,0.9401635559268875,0.05808800692210597,0.28475336424747816,5000
0.4235853319203357,0.9999179029746857,0.06267121586460901,0.3076246304788442,20000
