a,b,s,v_mem,iter_num
0.2,0.2,0.01,0.2,5000
1.4295981362021288,1.9396422469425,0.03113391555568927,0.866182735690864,5000
1.4478286020271747,1.9577759644349189,0.01540159813634656,1.101974011597421,5000
1.4182716730660758,1.9594247935232914,0.01523279051434112,1.1177247250202462,20000
