a,b,sigma_fg_normed,v_mem,iter_num
0.2,0.2,0.01,0.2,5000
0.8651867734079381,1.5876959554049583,0.08512290514727142,0.5288228055144819,5000
0.8123668054194618,1.919956288807137,0.13348535058087094,0.608074801972475,5000
0.821467521928743,1.9403177168924255,0.12965300590022766,0.5945812351601732,20000
