a,b,sigma_fg_normed,v_mem,iter_num
0.2,0.2,0.01,0.2,5000
0.40417235248757083,0.9269495759307412,0.07534360295655397,0.2803900672256068,5000
0.4063685295169068,0.9595863784909434,0.06972209692488526,0.276732566810376,5000
0.4528818360033922,1.0291876282091337,0.0682566694143454,0.296058034461221,20000
