a,b,sigma_fg_normed,v_mem,iter_num
0.2,0.2,0.01,0.2,5000
0.8609076011778697,1.7508215319573588,0.11217584837542081,0.4821298720386946,5000
0.7475178113093859,1.510069241484877,0.12059490745768332,0.5014565043333763,5000
0.7542046195242059,1.5627819284754456,0.1251747395025786,0.5010888682655746,20000
