a,b,v_mem,iter_num
0.2,0.2,0.2,5000
0.49740316071231955,1.5790265796078196,0.08651331789290605,5000
0.09605121311101954,0.31137004895431636,0.08507456080154942,5000
0.09341752481591543,0.321353679246853,0.0722659492696291,20000
