a,b,s,v_mem,iter_num
0.2,0.2,0.01,0.2,5000
0.6062411352580104,1.0842572601144511,0.013606225650474531,0.40809790428927245,5000
0.6948325922092031,1.2170827307164966,0.013160398674712259,0.41098744759935135,5000
0.6892732614571722,1.1715355041251818,0.013996606068928472,0.4331310558954376,20000
