a,b,s,v_mem,iter_num
0.2,0.2,0.01,0.2,5000
1.2995473132545043,1.719162985146295,0.03046462775152612,1.1015476974424925,5000
1.560732504759343,2.0298348362721557,0.015138738787841973,1.1613965331643559,5000
1.6936757320571072,2.2311308308447493,0.015223614044204924,1.2211029390716532,20000
