a,b,sigma_fg_normed,v_mem,iter_num
0.2,0.2,0.01,0.2,5000
0.750300520411021,1.3871712006678505,0.08287754328404422,0.46020622742568906,5000
0.6953456657315236,1.3240367120791086,0.088053263320091,0.4277101401395477,5000
0.688252660630985,1.4004943663876648,0.0911515327396651,0.42763219532370683,20000
