a,b,s,v_mem,iter_num
0.2,0.2,0.01,0.2,5000
0.9852034407816715,3.1037904199862782,0.04900866337695936,0.6559943194871553,5000
0.950108564580946,3.0436980017118835,0.00592872613208192,0.6661711901425805,5000
0.9261109988878625,2.7258379001276007,0.007000025058256556,0.6831659757898724,20000
