a,b,sigma_fg_normed,v_mem,iter_num
0.2,0.2,0.01,0.2,5000
1.1088097261553793,1.6332650574684564,0.09744560546259523,0.8395172043580071,5000
1.4221080878113197,2.415619492298488,0.14429103096274237,0.8666962467377592,5000
1.315483065170635,2.303945189369002,0.15071251047988873,0.8088765676482009,20000
