a,b,s,v_mem,iter_num
0.2,0.2,0.01,0.2,5000
1.8360622961544495,5.099392848582005,0.03965318255068878,0.7874884536101244,5000
1.1898880995641437,2.945631688755773,0.007589341566976684,0.577399305633406,5000
1.1454191693319549,2.9926342933264056,0.008964977724250305,0.6252891020418659,20000
