a,b,s,v_mem,iter_num
0.2,0.2,0.01,0.2,5000
1.8833009518474204,5.763735952174777,0.04984722302179505,0.6705287240574745,5000
0.9157305250454608,2.9767780127902514,0.0060718837538737795,0.5286076501557564,5000
1.0469421953116749,2.868368757579658,0.006844870776448482,0.6697982664371107,20000
