a,b,sigma_fg_normed,v_mem,iter_num
0.2,0.2,0.01,0.2,5000
0.6719324187381751,1.149592822764153,0.11442849768341652,0.4502567000257214,5000
0.7294845973564499,1.5321903837569826,0.1303339967626157,0.4652732747272036,5000
0.7213936581331123,1.4761989106790516,0.12160390206906177,0.4760606555884968,20000
