a,b,sigma_fg_normed,v_mem,iter_num
0.2,0.2,0.01,0.2,5000
0.6892317329557387,1.354616644938983,0.13167433907092693,0.4350213308519303,5000
0.6707275699167099,1.2982886112629255,0.11104150510557763,0.4643143863087698,5000
0.8063500214039591,1.5287694355323411,0.11560909048646519,0.4323269269648269,20000
