a,b,sigma_fg_normed,v_mem,iter_num
0.2,0.2,0.01,0.2,5000
0.7220014780812414,1.250269726462427,0.08528843442824263,0.45519602023501543,5000
0.6728130856274804,1.3054121873656443,0.08781312540888288,0.4203332935810649,5000
0.6547075148868214,1.4000271786740843,0.0966706244852366,0.4475214299768283,20000
