a,b,sigma_fg_normed,v_mem,iter_num
0.2,0.2,0.01,0.2,5000
0.40666605825139873,0.9901880623866541,0.07584749296114968,0.2734018273084232,5000
0.4189544166254439,0.9278588921765254,0.06388471033120578,0.27566479405221084,5000
0.42433528286411826,0.9623343940661557,0.06362622877685489,0.28555477007548485,20000
