a,b,s,v_mem,iter_num
0.2,0.2,0.01,0.2,5000
1.3136494981357634,4.553514177635665,0.05013151444779882,0.681454636401035,5000
0.8057939566552335,2.307044749512121,0.005285079665945741,0.5578941938965323,5000
0.9108296695271839,2.589017046457781,0.004527333609007679,0.6513434554093476,20000
