a,b,s,v_mem,iter_num
1.0,1.0,0.01,1.0,1000
0.15947838225915162,0.22096721273272418,0.0027334749403481982,0.0705384093371923,1000
0.17556271265078036,0.2583503489755951,0.0035233914148494173,0.11337361844633181,1000
0.18820529102676814,0.287403110040386,0.003710532062907383,0.12139870094613021,1000
0.19441482977155417,0.3027886306113836,0.0038494701326016495,0.12944215593280456,1000
0.19671420613843452,0.3099878310438766,0.003934593576034898,0.13185735579771818,20000
