a,b,sigma_fg_normed,v_mem,iter_num
0.2,0.2,0.01,0.2,5000
0.678630320878855,1.2961205220835668,0.08695475501948582,0.45295569292321647,5000
0.7335512392228513,1.3673312867464136,0.10669636184301917,0.46603972118030557,5000
0.6834255428194685,1.4271044991817143,0.1037432844023748,0.458286144306703,20000
