a,b,sigma_fg_normed,v_mem,iter_num
0.2,0.2,0.01,0.2,5000
0.4072362131838434,0.7088573330754685,0.06930932555902287,0.22679525297204617,5000
0.3415932014506768,0.7093939050081581,0.057570554428072754,0.22588915947381047,5000
0.3578508853653819,0.6823086552757102,0.05842990992710473,0.21879928543302218,20000
