a,b,sigma_fg_normed,v_mem,iter_num
0.2,0.2,0.01,0.2,5000
0.8781116218560598,1.8129699738612304,0.08400889410142555,0.5818185904332083,5000
0.8868520623042929,1.8887666619663148,0.1398897321583849,0.5963679356850864,5000
0.8606269989587739,1.9586696633580314,0.12834069843665744,0.5628485360314601,20000
