a,b,sigma_fg_normed,v_mem,iter_num
0.2,0.2,0.01,0.2,5000
0.6963833708179499,1.4622023816619063,0.09060691062914732,0.5889348445847113,5000
0.8651724206174222,1.924873161699769,0.12181413425974486,0.5930138842262411,5000
0.8474592544890971,1.7954842667493363,0.12903055859208787,0.5644510792926326,20000
