a,b,sigma_fg_normed,v_mem,iter_num
0.2,0.2,0.01,0.2,5000
0.6869117438023924,1.2895024828317951,0.09770909608667662,0.4587492320411658,5000
0.7250248378586117,1.2904240902168322,0.11255687020962869,0.4927518858785399,5000
0.6885660367635128,1.300827383322557,0.11114064084504702,0.49561482373361493,20000
