a,b,sigma_fg_normed,v_mem,iter_num
0.2,0.2,0.01,0.2,5000
0.6690321707731435,1.1657354506930047,0.08723901222673207,0.49321901035113547,5000
0.714399871563341,1.315820441716855,0.11851341954704904,0.4646816134615776,5000
0.7647051499685271,1.4879017828869514,0.11374835402650103,0.47932193270032963,20000
