a,b,s,v_mem,iter_num
0.2,0.2,0.01,0.2,5000
0.6997565085553251,1.1579821099020762,0.014007709129180685,0.4396844210644427,5000
0.7145484705653864,1.234668041737023,0.013282377245486495,0.47006404545389713,5000
0.7362268238588701,1.1743630349881025,0.013756039764234085,0.4514115991923498,20000
