a,b,s,v_mem,iter_num
0.2,0.2,0.01,0.2,5000
0.4473993754571171,0.7617882881634934,0.007390110389126464,0.24010599102547409,5000
0.3739712254358253,0.6418146029651816,0.007491177593894408,0.22810433619493006,5000
0.36012426495483457,0.5810599388491998,0.006841197783476039,0.22455216841809889,20000
