a,b,s,v_mem,iter_num
0.2,0.2,0.01,0.2,5000
0.5401348022939668,0.8937575094805976,0.013723200383076799,0.4460036451702753,5000
0.7237695957173099,1.2829848995463864,0.013568785367563653,0.45616428990448415,5000
0.6869658694289926,1.1872008287673417,0.013415300846334636,0.44508015987905475,20000
