a,b,sigma_fg_normed,v_mem,iter_num
0.2,0.2,0.01,0.2,5000
0.43911762990295894,0.9080659955959921,0.05703731326619285,0.28090614052425944,5000
0.4128996880357044,0.9264523531015391,0.06186369732173048,0.27718168795014586,5000
0.4252518130279389,0.9644907533357149,0.06393596053469731,0.2602011612974285,20000
