a,b,s,v_mem,iter_num
0.2,0.2,0.01,0.2,5000
0.7189075904215817,1.1928948469097704,0.014215030588319627,0.45527866226932134,5000
0.7371685755269761,1.2177573769557966,0.012952296231306452,0.46562095584266755,5000
0.7527731150303052,1.2313612808377778,0.01497365348267989,0.42975664831689603,20000
