a,b,s,v_mem,iter_num
0.2,0.2,0.01,0.2,5000
1.560270123676612,4.811344200554351,0.04968546938030939,0.714201654259792,5000
0.9452735217050089,2.781242987305843,0.007679523336240129,0.5172575205603218,5000
1.0633903329523324,3.099181303060953,0.00791067469719357,0.6968910799933085,20000
