a,b,sigma_fg_normed,v_mem,iter_num
0.2,0.2,0.01,0.2,5000
0.397369959386783,0.633061435863523,0.060003047899638624,0.23427125906061919,5000
0.3598839769639933,0.748509734003516,0.0638291392964496,0.24668995706597974,5000
0.3773675810823441,0.7997884265837937,0.06636118452841061,0.23516605603511542,20000
