a,b,s,v_mem,iter_num
0.2,0.2,0.01,0.2,5000
0.627091102752379,1.00806626037784,0.014063056702322925,0.4215921382281576,5000
0.6284175280775975,1.1059521195151065,0.014689777311187622,0.4334886064778062,5000
0.6308744245329456,1.0566162926150982,0.013036527672436933,0.42068218820996794,20000
