a,b,sigma_fg_normed,v_mem,iter_num
0.2,0.2,0.01,0.2,5000
0.900244601753529,1.6652137362965451,0.14198204204238343,0.49786401648787454,5000
0.8471441178386437,1.6308569745264836,0.12303689069772479,0.48307971087424806,5000
0.9269336382642175,1.7582741380147682,0.1429237825327996,0.5049374232879821,20000
