a,b,sigma_fg_normed,v_mem,iter_num
0.2,0.2,0.01,0.2,5000
0.6751163602568645,1.085669598465199,0.14046591069458883,0.47590181703988055,5000
0.748890816257461,1.604657366807862,0.1253972592213275,0.4671112781268942,5000
0.7040712966138165,1.6025779151498152,0.128224858923327,0.4930784720435978,20000
