a,b,sigma_fg_normed,v_mem,iter_num
0.2,0.2,0.01,0.2,5000
0.6446906474951525,1.2078752619303927,0.07251383511404313,0.4438032339480647,5000
0.6981858663402346,1.3424594251064597,0.09995065260071835,0.44780169364937417,5000
0.6303908164389225,1.340925419408169,0.10405000419419681,0.4366375360454429,20000
