a,b,sigma_fg_normed,v_mem,iter_num
0.2,0.2,0.01,0.2,5000
0.7420448556778448,1.9614289871027888,0.13218814740666474,0.4787159974569204,5000
0.7506055663569899,1.5546902169423868,0.10835841333307147,0.4610291031486709,5000
0.6904935368428736,1.5073922974776168,0.10336122511110159,0.4426802349146472,20000
