a,b,sigma_fg_normed,v_mem,iter_num
0.2,0.2,0.01,0.2,10000
2.229252614859334,3.015001229202001,0.07729158932420413,0.26076037656336215,10000
1.6125924511823155,2.160142391126938,0.05857104218917485,0.24162312313210438,20000
