a,b,sigma_fg_normed,v_mem,iter_num
0.2,0.2,0.01,0.2,5000
1.3297144672357544,2.448974649968574,0.2978364843060762,1.0138556173340019,5000
1.49955205860774,2.4674400824011706,0.1992825854572325,0.9223553072406143,5000
1.7238254546916323,2.538444509810696,0.18991174853056947,0.8923420590671958,20000
