a,b,sigma_fg_normed,v_mem,iter_num
0.2,0.2,0.01,0.2,5000
0.7082946981764237,1.6247994887999009,0.09607686144461479,0.4280363904908152,5000
0.7485238766502406,2.000660562065955,0.11395758293769466,0.4333318381153191,5000
0.6653243358090398,1.7492993551318199,0.11531476070669791,0.4848188842342453,20000
