a,b,sigma_fg_normed,v_mem,iter_num
0.2,0.2,0.01,0.2,5000
0.6915377917672891,1.5064264747542722,0.10687280794436813,0.4819716685140315,5000
0.706270182919169,1.4246262848816729,0.13409525871682534,0.4917890720048892,5000
0.7487572694442576,1.3650541744604527,0.12800869803397077,0.42637469753917095,20000
