a,b,sigma_fg_normed,v_mem,iter_num
0.2,0.2,0.01,0.2,5000
0.7820917148979452,2.2120235016238587,0.1511927111435477,0.5888693193712794,5000
0.9322214422959286,2.1399109108506362,0.13509369289413736,0.63805244769458,5000
0.8616622848669915,1.977563575334238,0.14222869204459473,0.6041008405232663,20000
