a,b,sigma_fg_normed,v_mem,iter_num
1.0,1.0,0.01,1.0,1000
0.31357775756941986,0.5392158106750193,0.03708098988429854,0.17688036926005615,1000
0.28757435083442456,0.8870022582227151,0.10689453306587275,0.18195767697515042,1000
0.272119253053915,0.8289994485415091,0.10019306510295263,0.17197714796853536,1000
0.2623990283985598,0.7868228886294912,0.09191575220422644,0.16949662696957857,1000
0.2532021574524586,0.7577456720848671,0.08678793056261552,0.16562024609139567,20000
