a,b,s,v_mem,iter_num
1.0,1.0,0.01,1.0,1000
1.1012794757466011,1.4009254274298715,0.050476407069661854,0.8378690434969707,1000
0.9325738044234222,1.194102111168209,0.037145970834116554,0.8354006105645664,1000
0.9067958234816407,1.196786656714144,0.030964612895770426,0.781199345249198,1000
0.9201801726613138,1.2063041408013615,0.027451854635859554,0.7542209088720391,1000
0.9025385537022178,1.172293740012158,0.025012633683912676,0.7303069722302739,20000
