a,b,sigma_fg_normed,v_mem,iter_num
0.2,0.2,0.01,0.2,5000
0.7642640727582722,1.6264109868245085,0.1630591555123832,0.465976875617707,5000
0.7584967528136238,1.6034510979771797,0.13606203631503144,0.5209656418124461,5000
0.7314651737405707,1.5885883819274038,0.13854206049863962,0.4648129523430472,20000
