a,b,sigma_fg_normed,v_mem,iter_num
0.2,0.2,0.01,0.2,5000
0.36557269320408137,0.7654173779352359,0.059026984946156706,0.23109302915886215,5000
0.35959244363155335,0.7877089767611001,0.05653034412059923,0.22702827272957138,5000
0.3548868909393604,0.7647505456359646,0.05639238368966824,0.23173363255085064,20000
