a,b,s,v_mem,iter_num
0.2,0.2,0.01,0.2,5000
1.6796592012796987,5.3366444835945765,0.047237858671549116,0.764858740107471,5000
1.0081105880628933,2.8643835406463745,0.008111640130236164,0.6264813996464342,5000
0.9789066979454122,2.626505967183858,0.00688423766076613,0.6091352460686726,20000
