a,b,sigma_fg_normed,v_mem,iter_num
0.2,0.2,0.01,0.2,5000
1.0718644466574092,2.0315828377410767,0.12241857041431475,0.9580676590186114,5000
1.4075045280403402,2.361331570431174,0.18522975762735244,0.885901483413109,5000
1.276075215763924,2.1063413873508265,0.16296052849791956,0.819200767611084,20000
