a,b,s,v_mem,iter_num
0.2,0.2,0.01,0.2,5000
1.0477410027535163,3.630441476562103,0.04070597121318751,0.7669109290825135,5000
0.8623346734798234,2.284462062867761,0.00513632139991063,0.7049525938761383,5000
0.8838322428560383,2.374780633243364,0.0046439379919471354,0.6340204207517859,20000
