a,b,sigma_fg_normed,v_mem,iter_num
0.2,0.2,0.01,0.2,5000
0.7165867358962225,1.2895018904435018,0.09518969786149505,0.4395238539651116,5000
0.6934980365409834,1.39021051642107,0.11835350226165878,0.4754521798068535,5000
0.6895701945458711,1.4689202471842806,0.11644119223579778,0.48235486173713493,20000
