a,b,v_mem,iter_num
0.2,0.2,0.2,5000
0.10854368279573463,0.16641551950630976,0.07436599824667708,5000
0.109267047232361,0.16729938319556392,0.07946636022563652,5000
0.1157659899434592,0.17334738620792864,0.07991800358637165,20000
