a,b,sigma_fg_normed,v_mem,iter_num
0.2,0.2,0.01,0.2,5000
0.41320759659926803,0.9592427053546947,0.05869066377180384,0.28812028801130174,5000
0.37803801721126357,0.8837132155677386,0.06283098507722759,0.28285097368975687,5000
0.46932158134115565,0.9922687756929789,0.05957746316389004,0.26980297848527035,20000
