a,b,sigma_fg_normed,v_mem,iter_num
0.2,0.2,0.01,0.2,5000
0.7782594893236818,1.6563496210710786,0.08910753535068568,0.5778058274907028,5000
0.8237703900721953,1.9612280554873416,0.1431818128796168,0.5722271292315141,5000
0.8468950668298739,1.9961862704395879,0.13488973295925613,0.5750653989770028,20000
