a,b,sigma_fg_normed,v_mem,iter_num
0.2,0.2,0.01,0.2,5000
0.7255293932390233,1.2090123116155747,0.09041045202236425,0.45288479468108594,5000
0.6696540863971416,1.2579772493090462,0.09213415075643837,0.47279155021513386,5000
0.6397516758337892,1.204592326680808,0.08492737402776308,0.42321875498655936,20000
