a,b,s,v_mem,iter_num
0.2,0.2,0.01,0.2,5000
1.432081818947404,4.415564710359853,0.043485968487200856,0.6661677681140452,5000
1.107601068850887,3.1120536880687224,0.007286777695383151,0.5501653200171758,5000
1.0106161496002162,2.940371455991451,0.007266829343007023,0.6484550321069327,20000
