a,b,sigma_fg_normed,v_mem,iter_num
0.2,0.2,0.01,0.2,5000
1.7234584522197942,3.127270485290158,0.18170264205390305,1.0390133073591077,5000
1.51269113582191,2.424169995154831,0.18409099506476892,0.871738849841446,5000
1.4978779337437664,2.5338274744413347,0.19714188871561444,0.8670849122822988,20000
