a,b,s,v_mem,iter_num
0.2,0.2,0.01,0.2,5000
0.4048570101541538,0.6771082439850685,0.007231971077814984,0.24033098134549197,5000
0.3520775597743205,0.6138112641293656,0.0074172298518181265,0.22120538153481212,5000
0.3637626839993814,0.598414148602516,0.006942219347701879,0.22935907299627487,20000
