a,b,sigma_fg_normed,v_mem,iter_num
0.2,0.2,0.01,0.2,5000
0.7073181213978397,1.5480079603570673,0.11871784424075789,0.6054777656849509,5000
0.9199861979469656,1.9785366871454289,0.12869116968105787,0.5795788014892403,5000
0.850291052801449,2.020076319139719,0.1350447574461647,0.6361727614435927,20000
