a,b,sigma_fg_normed,v_mem,iter_num
0.2,0.2,0.01,0.2,5000
0.41180300565987615,0.9303789026209875,0.07185609769867803,0.27173249846488023,5000
0.39732771153209306,1.0031451675621774,0.06872438329149438,0.2719474809393649,5000
0.44753430439549824,1.0312687017906403,0.07126194102901812,0.27976566418861054,20000
