a,b,s,v_mem,iter_num
0.2,0.2,0.01,0.2,5000
1.5207755254373236,2.2569222530984066,0.035603558790113336,1.1852575545977033,5000
1.749295217930754,2.1763262251655515,0.015729973145225357,1.2297159470639663,5000
1.6575047615600143,2.113635053480256,0.015651360836336028,1.1869832154740236,20000
