a,b,s,v_mem,iter_num
1.0,1.0,0.01,1.0,1000
0.5436460303197329,3.5494132671002716,0.1008452532390307,0.5156288835196335,1000
0.4033123827824617,2.6176561737499564,0.07398693349426551,0.37137643619784444,1000
0.37291882748064253,2.2031219270600992,0.06115413660167362,0.32336946751655116,1000
0.4065346540766708,2.1816494448951187,0.05320768813997012,0.29112355679924695,1000
0.39175723590446937,2.1165133910279645,0.047775343570562005,0.2609089038972891,20000
