a,b,s,v_mem,iter_num
0.2,0.2,0.01,0.2,5000
0.6653870500787676,1.1122580257433143,0.013905670654476439,0.4645686121631572,5000
0.6784434189659136,1.1206454450330203,0.014215136904818015,0.4733724971983409,5000
0.69993863817116,1.1324615058823546,0.01428510424878121,0.45158983838488626,20000
