a,b,s,v_mem,iter_num
0.2,0.2,0.01,0.2,5000
0.32556595762586993,0.5621836357673001,0.006850773100103243,0.2197800952674765,5000
0.35320197888007576,0.5969154610688621,0.006703425133884416,0.222643309637923,5000
0.37250701606462266,0.6109232098540304,0.007080203087015862,0.21576152522759698,20000
