a,b,s,v_mem,iter_num
0.2,0.2,0.01,0.2,5000
0.3234963265379361,0.5863887528159719,0.007023822553068246,0.21969611258236202,5000
0.3176122824948431,0.5527885394388448,0.006676292378047249,0.22607641768839082,5000
0.3316168118732607,0.5797835363459496,0.006816849354837257,0.22030413551115338,20000
