a,b,v_mem,iter_num
0.2,0.2,0.2,5000
0.1523024434725277,0.23226187872265436,0.11213561835621304,5000
0.15364812118404042,0.2285847554481745,0.10531056027994036,25000
