a,b,sigma_fg_normed,v_mem,iter_num
0.2,0.2,0.01,0.2,5000
0.803417943667948,1.8890115968615673,0.23037417890682965,0.5783728352137608,5000
0.8237800061044543,1.9406115518397264,0.14028565342484947,0.5567740175546344,5000
0.8385813279365518,1.9454286758866832,0.14191215747389363,0.5591094309876936,20000
