a,b,sigma_fg_normed,v_mem,iter_num
0.2,0.2,0.01,0.2,5000
0.7709333613636179,1.1990325485361353,0.09609497320401003,0.4625982366680878,5000
0.6780674747946773,1.1713248873246367,0.08521123865146281,0.38354450800876083,5000
0.665564789767022,1.2042049305740474,0.095075950957432,0.4624780376811952,20000
