a,b,sigma_fg_normed,v_mem,iter_num
0.2,0.2,0.01,0.2,5000
0.9621725224080309,2.29941762472233,0.1903433832660913,0.5503082353505444,5000
0.7968280311597228,2.067124997892097,0.14795298693213108,0.5853691434225118,5000
0.8640326742796947,2.291337089705888,0.16489013110388054,0.6305949058609313,20000
