a,b,sigma_fg_normed,v_mem,iter_num
0.2,0.2,0.01,0.2,5000
1.4112704477864464,2.0594603100537405,0.14712467681548239,0.9765868283299313,5000
1.4969102547692303,2.996649542443217,0.20218260978476002,0.923652626910473,5000
1.4578445455746218,2.9023795135553394,0.20188238946877626,0.9358478513163971,20000
