a,b,sigma_fg_normed,v_mem,iter_num
0.2,0.2,0.01,0.2,5000
0.4208388508781741,1.0641163275823564,0.07032313280025962,0.2977414960677147,5000
0.41229594159632704,0.9948164340308646,0.0677977413804168,0.3155294179582134,5000
0.4086550839943771,0.9901344887503887,0.06841915371531178,0.29114896419722364,20000
