a,b,sigma_fg_normed,v_mem,iter_num
0.2,0.2,0.01,0.2,5000
1.3166321475194491,2.813003959331768,0.12366882114481502,0.7551699764062997,5000
1.4184521045098932,2.9724793996588126,0.16072729726760088,0.879830802542753,5000
1.4779730466308638,3.0625422306067294,0.18471151347019416,0.9681665025918305,20000
