a,b,sigma_fg_normed,v_mem,iter_num
0.2,0.2,0.01,0.2,5000
1.0648131888627093,2.2916414585320606,0.1519743918877805,0.8932132298661221,5000
1.395805231197367,2.980555853195061,0.20790054042600442,0.8780397259917505,5000
1.3684608927992377,3.2683094772579144,0.21736547014680765,0.865263844155516,20000
