a,b,s,v_mem,iter_num
0.2,0.2,0.01,0.2,5000
0.6518073068930511,1.1831294979627258,0.013428705566399265,0.41220456103916486,5000
0.6816783522111359,1.186687275592236,0.013430724203877175,0.41441525698072423,5000
0.7834695014375633,1.31149944385571,0.014030714779352258,0.43227968620296287,20000
