a,b,sigma_fg_normed,v_mem,iter_num
0.2,0.2,0.01,0.2,5000
0.6801218333378419,1.3187962002056255,0.10166007997882105,0.5497280050854326,5000
0.8938565450619864,1.9048505989342883,0.13524787407146519,0.6028329762422878,5000
0.9019995444600396,1.921547555800193,0.13897199051466946,0.5472751245305828,20000
