a,b,sigma_fg_normed,v_mem,iter_num
0.2,0.2,0.01,0.2,5000
1.4190958241261906,1.9891419399666987,0.16455925403995655,0.7495073537204622,5000
1.4461515878642106,2.6254317036441037,0.2499787513647162,0.8827923440208523,5000
1.393633430804342,2.5630761538687716,0.24113804820575643,0.8804425292637916,20000
