a,b,sigma_fg_normed,v_mem,iter_num
0.2,0.2,0.01,0.2,5000
0.38427205798837316,0.8049173850356601,0.05766987651758044,0.23059306836059046,5000
0.3589055136510151,0.8430108493305742,0.052628100887437405,0.22899824042075068,5000
0.3575472910605351,0.8288991785270502,0.05140956493336083,0.23841912805074436,20000
