a,b,sigma_fg_normed,v_mem,iter_num
0.2,0.2,0.01,0.2,5000
0.3922540659303411,0.7842643943817034,0.06069372171316525,0.29406858751237036,5000
0.4187912914580802,0.9640312383704381,0.06303145788802589,0.2999869365946379,5000
0.43127568229104435,0.9855465582498706,0.06316351913965329,0.3125609384744793,20000
