a,b,s,v_mem,iter_num
0.2,0.2,0.01,0.2,5000
0.6681264343707716,1.0761590602152906,0.01460719851203098,0.48226093189606883,5000
0.7339828008859962,1.2082144219676643,0.013450748102217467,0.4597782715275937,5000
0.7538670544280252,1.1918304507871589,0.012976815257138737,0.4515140957338636,20000
