a,b,v_mem,iter_num
0.2,0.2,0.2,5000
0.10930821005305437,0.16839345100271488,0.07645219317492409,5000
0.1055218587910171,0.15409760415316073,0.07743583908805883,5000
0.11175937823422775,0.16741307051120863,0.08205298418358487,20000
