a,b,sigma_fg_normed,v_mem,iter_num
0.2,0.2,0.01,0.2,5000
0.6666388082301677,1.2903812639291974,0.10168192297905183,0.49830915800789316,5000
0.7294267349248645,1.3120059584719623,0.10144826386763528,0.48850990300593644,5000
0.7016783208306826,1.3456273776376533,0.12226243687526525,0.45457325391965303,20000
