a,b,sigma_fg_normed,v_mem,iter_num
0.2,0.2,0.01,0.2,5000
0.8777743138826591,2.3707472757715866,0.09787908442020388,0.5750422517656265,5000
0.8234249854670476,2.0180468179397986,0.12438006336936981,0.5911197763255639,5000
0.7958507286954629,1.797076171297537,0.11293326867417319,0.5340124078256872,20000
