a,b,s,v_mem,iter_num
0.2,0.2,0.01,0.2,5000
0.7359848470816528,1.2159999558254666,0.013216836404100785,0.42690718180822307,5000
0.651302835319326,1.06041860873321,0.012685174096094804,0.43181958984619,5000
0.6421414199828092,1.0755971480314315,0.012921426052186123,0.4487720052331336,20000
