a,b,s,v_mem,iter_num
0.2,0.2,0.01,0.2,5000
1.354802149259513,2.038572598353049,0.03159502438914424,1.0342080253513843,5000
1.4552622178332713,2.284835046776619,0.014580791248392814,1.064021406584423,5000
1.4171871243328031,2.218416739069042,0.014906921232938361,1.059780634953406,20000
