a,b,s,v_mem,iter_num
0.2,0.2,0.01,0.2,5000
1.0699557866659115,3.267963370733369,0.04176097274007734,0.6066770255664056,5000
1.0541390593735693,2.9963901732721565,0.005975082226577573,0.7389038182202718,5000
0.9756517633648558,2.636337162588192,0.005088288375931021,0.676830268285639,20000
