a,b,s,v_mem,iter_num
0.2,0.2,0.01,0.2,5000
1.3559688954699824,4.8376941499239985,0.047491834939092384,0.5715598207429351,5000
0.917086355460488,2.708961669895457,0.00785170291008312,0.6641103453024373,5000
0.9754537935704426,2.7129013339592123,0.007762111128294899,0.6736509572649096,20000
