a,b,s,v_mem,iter_num
0.2,0.2,0.01,0.2,5000
0.6144453961347567,1.100832611876544,0.013891560973222205,0.4758371118838465,5000
0.73792705138266,1.2166524702811468,0.014298342831920536,0.48733323289216324,5000
0.7332307182938775,1.236482780579713,0.014326527991999523,0.4602977483527002,20000
