a,b,sigma_fg_normed,v_mem,iter_num
0.2,0.2,0.01,0.2,5000
1.3594361531506571,1.816439207313759,0.09540234960058941,0.9151446492148966,5000
1.3549302187148884,2.724409908579817,0.18318160059625319,0.9841397226882485,5000
1.364850875010802,2.7960008813586885,0.20864393331741854,0.8821072960090244,20000
