a,b,sigma_fg_normed,v_mem,iter_num
0.2,0.2,0.01,0.2,5000
1.0515732791511485,2.1141466582792616,0.20443667799126256,0.8521617062314758,5000
1.4219198680480603,2.435255864996028,0.20942558164987898,0.9750155022804599,5000
1.436305861724811,2.4057776913336157,0.2139131292217507,0.9002400236169542,20000
