a,b,sigma_fg_normed,v_mem,iter_num
0.2,0.2,0.01,0.2,5000
0.35081146358537335,0.6640302626445433,0.06602308268297687,0.24026391684297652,5000
0.3623788689515401,0.7027399792499133,0.05741262385722162,0.23445428420218606,5000
0.34120746639148436,0.7206930539441391,0.061850657269393344,0.23119864237632265,20000
