a,b,sigma_fg_normed,v_mem,iter_num
1.0,1.0,0.01,1.0,1000
0.7225802390972546,1.3732312787383363,0.051591281859269374,0.4884602213118891,1000
0.7442981546730808,1.6363585009564612,0.10301128730485896,0.47304896912723304,1000
0.7506353702151597,1.7281858118432663,0.1116426196223202,0.4637924230247862,1000
0.7681466885730543,1.8359567127960337,0.11452572480588791,0.45809192784506425,1000
0.7847926876802411,1.8332359257572048,0.122275062975267,0.458702283220259,20000
