a,b,s,v_mem,iter_num
0.2,0.2,0.01,0.2,5000
1.3811842405174781,3.8082819489004667,0.044716887326671055,0.6773745659418545,5000
1.1330626181077357,3.3229119885779643,0.007618602610262927,0.7116954510323574,5000
0.9636828286171457,2.663603592253064,0.005711562790456314,0.6567685661845627,20000
