a,b,sigma_fg_normed,v_mem,iter_num
0.2,0.2,0.01,0.2,5000
0.6659357971228341,1.2125472348494146,0.07026063155573922,0.44979833250751383,5000
0.7858553722558681,1.5953804187323277,0.11357723763326896,0.4547011737735625,5000
0.8011759638891839,1.6378450058345448,0.11442065355305069,0.4892121919689608,20000
