a,b,sigma_fg_normed,v_mem,iter_num
0.2,0.2,0.01,0.2,5000
0.37961827770621653,0.776898185656808,0.04848168486919251,0.227522033648201,5000
0.3552329632980484,0.8111496020042209,0.05368056063066741,0.2194260426128224,5000
0.38503696919970953,0.8550047948212669,0.05757966160836573,0.23108214330149018,20000
