a,b,s,v_mem,iter_num
0.2,0.2,0.01,0.2,5000
0.35259539965276904,0.5993159733704772,0.006858494072543907,0.2270440533267334,5000
0.35760090909929854,0.6534977762980583,0.006770529355539823,0.23020430994003557,5000
0.36592973407234436,0.643358291599263,0.0070677910142524615,0.23481864874329564,20000
