a,b,sigma_fg_normed,v_mem,iter_num
0.2,0.2,0.01,0.2,5000
1.2360719685331485,1.719764146349168,0.09082096296363518,0.8097036875353048,5000
1.0849736139854669,2.378462962458519,0.19584787827053335,0.8076198871490473,5000
1.1644287172297294,2.2207884561203715,0.1825499446633713,0.7981135608232096,20000
