a,b,sigma_fg_normed,v_mem,iter_num
0.2,0.2,0.01,0.2,5000
0.6194025504172488,1.1178953503288225,0.10021066568536842,0.39627253710491145,5000
0.6601791079123264,1.2661697877567184,0.0941042676873191,0.4221752647128895,5000
0.6498172151077102,1.1421168061966624,0.08685636722369126,0.40742469181860763,20000
