a,b,sigma_fg_normed,v_mem,iter_num
0.2,0.2,0.01,0.2,5000
0.7284558680661217,1.2566955330586709,0.0853596766131224,0.4549846823711258,5000
0.7524424898741424,1.6068539057355813,0.11809462149126605,0.48764566602910303,5000
0.7361718574555718,1.5022659022622558,0.10068098999743676,0.4412714950610333,20000
