a,b,sigma_fg_normed,v_mem,iter_num
0.2,0.2,0.01,0.2,5000
0.41881349247454946,0.8849887206409316,0.04627829681827704,0.28447859024113054,5000
0.4089386253837857,0.9942123943853669,0.0684527014728391,0.2882545207138142,5000
0.46673482392425675,1.079681807384615,0.06456984183813028,0.31365402389504515,20000
