a,b,sigma_fg_normed,v_mem,iter_num
0.2,0.2,0.01,0.2,5000
1.3427433558825446,2.02574908419762,0.1132108120684934,0.9983170977906471,5000
1.5108311359880622,2.576266694135926,0.21863981778056943,0.9612064673150219,5000
1.5172873576214887,2.397940959158163,0.1983075161831494,0.9372780929059326,20000
