a,b,sigma_fg_normed,v_mem,iter_num
0.2,0.2,0.01,0.2,5000
1.2499932088412062,1.8261550966517983,0.14859652050305877,0.8500438267707483,5000
1.3892063029200588,2.49393900602186,0.1920212079879713,0.8201964914645538,5000
1.4136116948068789,2.56782528121311,0.20219438157942507,0.8251435607217538,20000
