a,b,sigma_fg_normed,v_mem,iter_num
0.2,0.2,0.01,0.2,5000
0.3168646585966133,0.6174904512711519,0.050886749701233754,0.21545048177454423,5000
0.3118142138752063,0.7110383780148671,0.05610156732616221,0.21967227620426033,5000
0.30402297852337756,0.674614950686041,0.051583918117618435,0.21636817853979542,20000
