a,b,sigma_fg_normed,v_mem,iter_num
0.2,0.2,0.01,0.2,5000
0.7584743490386855,1.2308197759583752,0.0984285259512666,0.4542425987988007,5000
0.7881314077391979,1.211253038489419,0.08947065839325805,0.4465036203231371,5000
0.758146759425007,1.210374688318446,0.09925035966302752,0.44840612068945046,20000
