a,b,sigma_fg_normed,v_mem,iter_num
0.2,0.2,0.01,0.2,5000
0.41996626036494084,0.9770419161803539,0.06427285464417536,0.2886672478954736,5000
0.416828799057516,0.9883741884932836,0.0689468081816811,0.29052685428694525,5000
0.47385996003683534,1.071508511941797,0.07049927959604876,0.28544567777536684,20000
