a,b,sigma_fg_normed,v_mem,iter_num
0.2,0.2,0.01,0.2,5000
0.7208964353586398,1.5287624422843376,0.10629514278257081,0.4522874365199535,5000
0.7088332761481168,1.5337069864916124,0.12543388361894753,0.4712558677017133,5000
0.7762950498996017,1.540558350530887,0.12715257258865417,0.5226192979044025,20000
