a,b,sigma_fg_normed,v_mem,iter_num
0.2,0.2,0.01,0.2,5000
0.6995849058314291,2.0212933042210515,0.12178733397536284,0.5561232197573232,5000
0.8764351431793429,2.264530560035275,0.1382988097887087,0.5499313813234885,5000
0.8363723457316212,2.2618411179655156,0.15270720189578438,0.6039942070184777,20000
