a,b,sigma_fg_normed,v_mem,iter_num
0.2,0.2,0.01,0.2,5000
0.4060301472686291,0.8025754783388896,0.054689373565597686,0.2886874937705329,5000
0.39773284499020073,0.9068542667741305,0.05670227824012503,0.26814134028776354,5000
0.3921208260201415,0.8581588417390981,0.061954946304792674,0.27699525886176424,20000
