a,b,sigma_fg_normed,v_mem,iter_num
0.2,0.2,0.01,0.2,5000
0.44330978085717687,1.1668714539094642,0.08361444597499673,0.29570060202136933,5000
0.41672138843695533,0.9364849380338757,0.06609906864251554,0.276627731096494,5000
0.4102918826476716,0.9844517002310151,0.06606231114375387,0.2813598226609085,20000
