a,b,sigma_fg_normed,v_mem,iter_num
0.2,0.2,0.01,0.2,5000
0.6713191331898665,1.4251629544210012,0.11230386705006154,0.42803293488170446,5000
0.7518460954414099,1.5723265175527168,0.1166710103654982,0.4326513933593541,5000
0.6370507615411473,1.3538828703765795,0.11631672865812517,0.43414327831567795,20000
