a,b,sigma_fg_normed,v_mem,iter_num
0.2,0.2,0.01,0.2,5000
0.6689727737666914,1.3451411022982516,0.09048910883317907,0.4345428417662429,5000
0.6780871936643539,1.5510385235921107,0.11528883220759653,0.46565611450506994,5000
0.6446823619796049,1.5274470620587386,0.10487124927269226,0.4532077311965217,20000
