a,b,sigma_fg_normed,v_mem,iter_num
0.2,0.2,0.01,0.2,5000
0.4765417533230546,1.1038236179331564,0.061888080733779736,0.2913879635481593,5000
0.488237341157436,1.0798874407938457,0.06748338964669535,0.29351237576865535,5000
0.44684503824565386,1.0133557189321976,0.06828725800462988,0.2750605594592925,20000
