a,b,sigma_fg_normed,v_mem,iter_num
0.2,0.2,0.01,0.2,5000
0.8233895949466977,2.072564311344624,0.14147343610592317,0.5626845294659001,5000
0.8832470864795327,2.0604782406186017,0.13942605433483596,0.5673848693389757,5000
0.8734968025342812,1.9624632690772577,0.1298982970446535,0.585919094064592,20000
