a,b,sigma_fg_normed,v_mem,iter_num
0.2,0.2,0.01,0.2,5000
0.6221292113117401,1.7439082691731913,0.1589688859073106,0.4921121780584437,5000
0.7990690201617212,1.4626013815567551,0.10263672122067494,0.45368401893884824,5000
0.731534229691047,1.4454996442840533,0.11266429375321298,0.49765858009398145,20000
