a,b,s,v_mem,iter_num
0.2,0.2,0.01,0.2,5000
0.31327928089680046,0.5086949948797169,0.00677964171315333,0.22886057225022177,5000
0.34424914426969616,0.5988464015252626,0.00694154752049814,0.22264895462409276,5000
0.37073891735610104,0.6292588076007702,0.007037561153761033,0.2201071471355539,20000
