a,b,sigma_fg_normed,v_mem,iter_num
0.2,0.2,0.01,0.2,5000
0.44423676638921594,1.1861328784609075,0.06765544273291418,0.29292302285787775,5000
0.39845001839072447,0.9962560872461564,0.06678855209617894,0.2795290309647408,5000
0.4480307392739626,0.9812878717968303,0.06835168924760648,0.27915324386526297,20000
