a,b,s,v_mem,iter_num
0.2,0.2,0.01,0.2,5000
0.6421278494838232,0.9229154181839521,0.014099316170299392,0.5224901399330076,5000
0.7035308750989215,1.145288707612786,0.014027831718422434,0.46658985620820864,5000
0.754159440019565,1.2089796269020527,0.01408641387035455,0.4714267177529758,20000
