a,b,s,v_mem,iter_num
0.2,0.2,0.01,0.2,5000
0.811164913971975,1.3944740511665616,0.01315448327436585,0.4449625397339361,5000
0.703616371568427,1.2219038456584934,0.013213081645422084,0.46997831490815123,5000
0.6870045719262619,1.1409326476711823,0.01281340435291666,0.4445508045426465,20000
