a,b,sigma_fg_normed,v_mem,iter_num
0.2,0.2,0.01,0.2,5000
0.6303866789212952,1.0463865792242155,0.10279132038380194,0.4281759349274127,5000
0.7791403895353282,1.491737425624551,0.12040667843537484,0.4255132691767459,5000
0.7457149134059787,1.5077714235163495,0.11443476294891941,0.4546366425173124,20000
