a,b,s,v_mem,iter_num
0.2,0.2,0.01,0.2,5000
1.3560558722218545,4.409909064508283,0.04431554979752545,0.6270447680819593,5000
1.1505247111613233,3.0515426809169766,0.007728176221277793,0.6466349657299828,5000
1.1893844722485072,3.0964084348884455,0.007676537570943622,0.6763452073960663,20000
