a,b,sigma_fg_normed,v_mem,iter_num
0.2,0.2,0.01,0.2,5000
0.4343176161969506,1.0225954296856377,0.07539197362193471,0.2827110824171673,5000
0.45858203067902936,1.143054793904952,0.07517940389490073,0.2945597525708767,5000
0.4440590423277333,1.085422332393557,0.06956933508399513,0.29061876524709396,20000
