a,b,sigma_fg_normed,v_mem,iter_num
0.2,0.2,0.01,0.2,5000
0.3836967993397251,0.9697503417192195,0.08389725184430466,0.30307502120323765,5000
0.4489566000019021,1.1128029734174656,0.07637824746416975,0.3201556274946664,5000
0.4139265412323966,1.049792412415004,0.07256095977906724,0.3060815392356232,20000
