a,b,v_mem,iter_num
0.2,0.2,0.2,5000
0.4631859222658805,1.47973934059066,0.08824639861381021,5000
0.08653566601957839,0.29226221226501936,0.07250510296895041,5000
0.08922040202946516,0.29869354063614917,0.06869090047895121,20000
