a,b,s,v_mem,iter_num
0.2,0.2,0.01,0.2,5000
1.262548690743283,1.8970885636373562,0.030242945288707187,1.1026489498839382,5000
1.7670212067808988,2.388686261405913,0.015894390964216354,1.1504661668241694,5000
1.6419992528050265,2.1878491901900925,0.015246665794024412,1.166314844369439,20000
