a,b,sigma_fg_normed,v_mem,iter_num
0.2,0.2,0.01,0.2,5000
0.4630625931677474,1.0520488905730918,0.07984030474477047,0.300017960949534,5000
0.4421713168849966,0.9663097134151429,0.0681093265709887,0.2969691682354372,5000
0.43640810318082107,1.0654596152323765,0.06732219636115096,0.29697584769749974,20000
