a,b,sigma_fg_normed,v_mem,iter_num
0.2,0.2,0.01,0.2,5000
0.5742459370429972,1.2826939439859182,0.09662279302752178,0.4709385688826001,5000
0.7472223694300214,1.6356709028323873,0.11095212180259005,0.4919245684484682,5000
0.6594751350322243,1.5322066883205638,0.11161984619646537,0.4630381672532894,20000
