a,b,s,v_mem,iter_num
0.2,0.2,0.01,0.2,5000
1.3593412402230702,4.085185117684696,0.04548673410365412,0.658825336072561,5000
0.9486650531860509,2.6621696990604544,0.0076555845037456684,0.6644522252600371,5000
0.9488249455551392,2.591965156096559,0.0068710473986767695,0.6432669187281573,20000
