a,b,s,v_mem,iter_num
0.2,0.2,0.01,0.2,5000
0.8110173964736697,1.515105805015752,0.014036513954512247,0.44280272580874436,5000
0.7287800346897882,1.316837558276174,0.014415376504094283,0.4948907357592996,5000
0.6771708820656396,1.2737355605249854,0.014490751973589799,0.46324756949754403,20000
