a,b,sigma_fg_normed,v_mem,iter_num
0.2,0.2,0.01,0.2,5000
0.868287762126984,1.9699351837092673,0.16571189429738156,0.5694945109479316,5000
0.9519661446920639,2.0416727212909485,0.13719547161570791,0.6322184757693781,5000
0.8897821898434622,1.8544300670507823,0.13777768074377758,0.6026708542104633,20000
