a,b,sigma_fg_normed,v_mem,iter_num
0.2,0.2,0.01,0.2,5000
0.4057466856883435,0.959190399278201,0.07069339705945239,0.2640800430040514,5000
0.4221618430578624,0.9229055813836202,0.05942206512838336,0.2667161134941608,5000
0.42714138773192606,0.997367458744579,0.06087548756614328,0.26692471370919546,20000
