a,b,s,v_mem,iter_num
0.2,0.2,0.01,0.2,5000
2.7342955992658196,3.596161740458592,0.03263413455316706,1.4487326390345443,5000
1.9133556608890079,2.492687577562551,0.01539439316608531,1.2189557607050874,5000
1.6265373167592914,2.104656434724777,0.01418507823845393,1.1509810534818823,20000
