a,b,s,v_mem,iter_num
0.2,0.2,0.01,0.2,5000
0.7187063244269141,1.161858567383933,0.014361056282206755,0.4799422679528946,5000
0.7576120723820028,1.318520836464512,0.013940579161875284,0.4980854769706322,5000
0.7567820783970808,1.2925660447045055,0.013720076770986528,0.49019666435591674,20000
