a,b,s,v_mem,iter_num
0.2,0.2,0.01,0.2,5000
1.3672682051520983,3.8486405908423484,0.04578005597873465,0.602497769192292,5000
0.9416130117028566,2.4142043133025837,0.006622061077436348,0.7039711379639381,5000
0.9779513984155549,2.5464530396251317,0.0062776888738305435,0.6464593149048592,20000
