a,b,sigma_fg_normed,v_mem,iter_num
0.2,0.2,0.01,0.2,5000
1.4082645911201075,2.2265925623565943,0.19080611795135516,0.82781475346963,5000
1.6804158905059494,3.266116459296361,0.2512069326453586,0.9877870210175111,5000
1.464089856915943,2.6495975109439183,0.2200386180520294,0.9478571138688797,20000
