a,b,sigma_fg_normed,v_mem,iter_num
0.2,0.2,0.01,0.2,5000
0.37954923396178497,0.9034103593092413,0.06653901838949605,0.3002004756593179,5000
0.42549129804227853,0.983253398373513,0.072059503964057,0.28414616395567266,5000
0.4040820963966897,1.0415523713858983,0.07371257809013927,0.2923944067868663,20000
