a,b,s,v_mem,iter_num
0.2,0.2,0.01,0.2,5000
1.4604554137967363,2.431854732288439,0.0299130558261283,0.862991315731451,5000
1.5748095097107628,2.3063592530812196,0.015074900255342907,1.1008166466431135,5000
1.468825659781684,2.0699368069189346,0.01494755449918032,0.9502687978468741,20000
