a,b,sigma_fg_normed,v_mem,iter_num
0.2,0.2,0.01,0.2,5000
0.7004296243789425,1.249923072465697,0.07130955111785918,0.4527195080429463,5000
0.7735473408457619,1.412005563191277,0.08988537932581142,0.4637926161993076,5000
0.7964187718189025,1.376985877294414,0.08629117786245936,0.43171249703379966,20000
