a,b,sigma_fg_normed,v_mem,iter_num
0.2,0.2,0.01,0.2,5000
1.4474188786430697,2.035022611656432,0.07752873077966334,0.9463748781610892,5000
1.4364610235396138,2.8841196018035435,0.1928800867310501,0.9194689291318441,5000
1.4912292036171653,3.0334209584851415,0.21031749970499986,0.8709016316446693,20000
