a,b,sigma_fg_normed,v_mem,iter_num
0.2,0.2,0.01,0.2,5000
1.376791038205223,2.2269638361569086,0.10561054530198141,0.9386664531780126,5000
1.659264347559968,2.80842241603609,0.2505949188871168,1.000446039080418,5000
1.7306115323682276,2.8105060487800717,0.256514433462187,0.9239375470920608,20000
