a,b,sigma_fg_normed,v_mem,iter_num
0.2,0.2,0.01,0.2,5000
0.654818392961913,1.1561399419135765,0.10567407327678963,0.44500303072168307,5000
0.7447856161927254,1.4772599692256387,0.11033835935052129,0.4249807707331778,5000
0.6998787446396914,1.3210595535590075,0.10686865648196477,0.4590728727203405,20000
