a,b,s,v_mem,iter_num
0.2,0.2,0.01,0.2,5000
1.6131383030595081,2.298845801759887,0.030644865846408804,1.4782988804833321,5000
1.9203887585044885,2.3838077742086003,0.015628059267203422,1.2728437491174764,5000
1.8707834736057958,2.438630761104634,0.01602383313338642,1.3419039524351037,20000
