a,b,s,v_mem,iter_num
0.2,0.2,0.01,0.2,5000
0.3861837215986847,0.6289540478641871,0.007330813526949683,0.22822223327370728,5000
0.374581073331054,0.6300110304237911,0.006908792783658266,0.22952161489808687,5000
0.3621959382263869,0.5836449870855389,0.00722270170948487,0.2312116673086709,20000
