a,b,s,v_mem,iter_num
0.2,0.2,0.01,0.2,5000
1.5013909679274846,4.759724584982938,0.04787520120104102,0.6746510662149175,5000
0.8657765751108258,2.907487400559329,0.005433660361182451,0.5957942017914062,5000
0.9554993458655708,2.9753691574186445,0.005126782559679505,0.653866546733862,20000
