a,b,sigma_fg_normed,v_mem,iter_num
0.2,0.2,0.01,0.2,5000
1.4919446540998689,1.8994629177293865,0.2020945537463046,0.7827143090801332,5000
1.3924954931806997,2.465086938593219,0.18311858469970163,0.8348038384075194,5000
1.3766412779995065,2.438476057969286,0.15355142911565434,0.8271110174605247,20000
