a,b,s,v_mem,iter_num
0.2,0.2,0.01,0.2,5000
0.867904195629114,2.772700731900107,0.04839804982556215,0.6111265988173421,5000
0.6972655125744947,2.127597240492729,0.00414993155633752,0.612018385762818,5000
0.7448321692862366,2.0490254555389127,0.004161427796426247,0.6004917437853735,20000
