a,b,sigma_fg_normed,v_mem,iter_num
0.2,0.2,0.01,0.2,5000
0.7047111293170613,1.5188102984196128,0.08762907667575971,0.42908479143957307,5000
0.6875557523400786,1.4117709743598978,0.08951398473442672,0.4237674065987732,5000
0.6225216347641623,1.437743831946109,0.09625669373236495,0.4173854610332217,20000
