a,b,sigma_fg_normed,v_mem,iter_num
0.2,0.2,0.01,0.2,5000
0.46552922483612047,1.0837776728402118,0.06067185960421289,0.28441052264054134,5000
0.43434341708930724,1.0945022958025554,0.06834424759040392,0.29346537963508273,5000
0.423281791169657,1.0161267004133583,0.06952398596340727,0.28547008959323256,20000
