a,b,sigma_fg_normed,v_mem,iter_num
0.2,0.2,0.01,0.2,5000
0.8416252846196558,1.5258294224527316,0.1530760286521287,0.5634491121473242,5000
0.9007012243862399,2.1324201340071394,0.1408540175754843,0.6145738056551713,5000
0.8616201208757538,2.06640120531414,0.13364128084164736,0.6098379743097895,20000
