a,b,s,v_mem,iter_num
0.2,0.2,0.01,0.2,5000
0.8825661482611058,2.402664743162712,0.04510468032549682,0.6395278791744086,5000
0.942271937705933,2.758502197177071,0.004745992261797526,0.6882038549752213,5000
0.9174443615392778,2.5233747090868865,0.004447559999022129,0.644160450807454,20000
