a,b,s,v_mem,iter_num
0.2,0.2,0.01,0.2,5000
0.32879804152586567,0.5972877629021358,0.006904674803012715,0.22088652981379114,5000
0.3204011320653899,0.594726079762105,0.006773175011201384,0.21595225573484852,5000
0.3398678631446136,0.6028881250991519,0.00686976740025325,0.23148058430526555,20000
