a,b,sigma_fg_normed,v_mem,iter_num
0.2,0.2,0.01,0.2,5000
1.798718704725827,3.0362151235143036,0.12925894013720426,1.02516153293868,5000
1.5813050379608693,2.5101731214829326,0.19072111193040173,0.8876531364336605,5000
1.4323055436901448,2.5012465340213788,0.21369902061376325,0.9317725187829463,20000
