a,b,s,v_mem,iter_num
1.0,1.0,0.01,1.0,1000
0.6893309856699243,5.102500125008527,0.11389883901393547,0.7323370040976929,1000
0.5838289438515313,4.043717657744845,0.08348256419831489,0.5290397693804592,1000
0.5002011064361632,3.412105185232689,0.06894636101811348,0.43496650705722695,1000
0.44301736266769753,3.0016538575803424,0.060045617803925394,0.3779878569562336,1000
0.4014306282764819,2.709508566997715,0.05388613814629103,0.3387762119285119,20000
