a,b,sigma_fg_normed,v_mem,iter_num
0.2,0.2,0.01,0.2,5000
0.6920911161622011,1.1643433975965414,0.09655942507113045,0.45485221092454586,5000
0.8134833956736072,1.5811211086032617,0.12273968657543818,0.4353271459440782,5000
0.7330308201068484,1.4121327884435235,0.12612010887367706,0.4624709370454586,20000
